{"DocumentMetadata":{"Pages":1},"Blocks":[{"BlockType":"QUERY_RESULT","ColumnIndex":null,"ColumnSpan":null,"Confidence":99,"EntityTypes":null,"Geometry":{"BoundingBox":{"Height":0.011536977253854275,"Left":0.1789412945508957,"Top":0.4438289701938629,"Width":0.12245501577854156},"Polygon":[{"X":0.1789412945508957,"Y":0.4438289701938629},{"X":0.3013957142829895,"Y":0.44384315609931946},{"X":0.30139631032943726,"Y":0.45536595582962036},{"X":0.17894144356250763,"Y":0.45535147190093994}]},"Hint":null,"Id":"117e3e37-818b-42c5-b6da-ef75bf2a26d5","Page":1,"PageClassification":null,"Query":null,"Relationships":null,"RowIndex":null,"RowSpan":null,"SelectionStatus":null,"Text":"Marsha Farnham","TextType":null,"SearchKey":"Marsha Farnham"},{"BlockType":"QUERY","ColumnIndex":null,"ColumnSpan":null,"Confidence":null,"EntityTypes":null,"Geometry":null,"Hint":null,"Id":"c6afb238-99f2-4715-9c06-84e2d409625c","Page":1,"PageClassification":null,"Query":{"Alias":null,"Pages":null,"Text":"Who is the payee?"},"Relationships":[{"Type":"ANSWER","Ids":["117e3e37-818b-42c5-b6da-ef75bf2a26d5"]}],"RowIndex":null,"RowSpan":null,"SelectionStatus":null,"Text":null,"TextType":null},{"BlockType":"QUERY_RESULT","ColumnIndex":null,"ColumnSpan":null,"Confidence":98,"EntityTypes":null,"Geometry":{"BoundingBox":{"Height":0.010920491069555283,"Left":0.9082326292991638,"Top":0.3414132595062256,"Width":0.036904700100421906},"Polygon":[{"X":0.9082326292991638,"Y":0.3414132595062256},{"X":0.9451344609260559,"Y":0.3414168059825897},{"X":0.9451373219490051,"Y":0.35233375430107117},{"X":0.9082353711128235,"Y":0.35233011841773987}]},"Hint":null,"Id":"5a429baa-907e-4e31-a68f-01d707974062","Page":1,"PageClassification":null,"Query":null,"Relationships":null,"RowIndex":null,"RowSpan":null,"SelectionStatus":null,"Text":"2551","TextType":null,"SearchKey":"2551"},{"BlockType":"QUERY","ColumnIndex":null,"ColumnSpan":null,"Confidence":null,"EntityTypes":null,"Geometry":null,"Hint":null,"Id":"6b695452-7647-48f3-b3f8-581c531690ed","Page":1,"PageClassification":null,"Query":{"Alias":null,"Pages":null,"Text":"What is the check#?"},"Relationships":[{"Type":"ANSWER","Ids":["5a429baa-907e-4e31-a68f-01d707974062"]}],"RowIndex":null,"RowSpan":null,"SelectionStatus":null,"Text":null,"TextType":null},{"BlockType":"QUERY","ColumnIndex":null,"ColumnSpan":null,"Confidence":null,"EntityTypes":null,"Geometry":null,"Hint":null,"Id":"741e3974-f154-4e34-b231-b1228cf1ce77","Page":1,"PageClassification":null,"Query":{"Alias":null,"Pages":null,"Text":"What is the customer name?"},"Relationships":[{"Type":"ANSWER","Ids":[]}],"RowIndex":null,"RowSpan":null,"SelectionStatus":null,"Text":null,"TextType":null},{"Geometry":{"BoundingBox":{"Top":0.5905812978744507,"Left":0.3564917743206024,"Width":0.15393313765525818,"Height":0.012176334857940674},"Polygon":[{"X":0.3564917743206024,"Y":0.5905812978744507},{"X":0.5104249119758606,"Y":0.5905812978744507},{"X":0.5104249119758606,"Y":0.6027576327323914},{"X":0.3564917743206024,"Y":0.6027576327323914}]},"BlockType":"QUERY_RESULT","Page":1,"Id":"021c8a8c-2bdf-4f08-8df5-3c15df9d8439","Text":"25874123598","Confidence":1,"SearchKey":"25874123598⑉"},{"BlockType":"QUERY","ColumnIndex":null,"ColumnSpan":null,"Confidence":null,"EntityTypes":null,"Geometry":null,"Hint":null,"Id":"59e3e744-d5c0-4268-b476-91f5e158a7a8","Page":1,"PageClassification":null,"Query":{"Alias":null,"Pages":null,"Text":"What is the customer account#?"},"Relationships":[{"Type":"ANSWER","Ids":["021c8a8c-2bdf-4f08-8df5-3c15df9d8439"]}],"RowIndex":null,"RowSpan":null,"SelectionStatus":null,"Text":null,"TextType":null},{"BlockType":"QUERY","ColumnIndex":null,"ColumnSpan":null,"Confidence":null,"EntityTypes":null,"Geometry":null,"Hint":null,"Id":"2ed2b464-bb33-4b11-9d99-763f8f326a58","Page":1,"PageClassification":null,"Query":{"Alias":null,"Pages":null,"Text":"What is the payee address?"},"Relationships":[{"Type":"ANSWER","Ids":[]}],"RowIndex":null,"RowSpan":null,"SelectionStatus":null,"Text":null,"TextType":null},{"BlockType":"QUERY_RESULT","ColumnIndex":null,"ColumnSpan":null,"Confidence":99,"EntityTypes":null,"Geometry":{"BoundingBox":{"Height":0.014566784724593163,"Left":0.7983296513557434,"Top":0.4081166386604309,"Width":0.09500528126955032},"Polygon":[{"X":0.7983296513557434,"Y":0.4081166386604309},{"X":0.8933313488960266,"Y":0.4081270098686218},{"X":0.8933349251747131,"Y":0.4226834177970886},{"X":0.7983327507972717,"Y":0.4226728081703186}]},"Hint":null,"Id":"72fb3339-5e88-40be-8ba2-6e5f592597b2","Page":1,"PageClassification":null,"Query":null,"Relationships":null,"RowIndex":null,"RowSpan":null,"SelectionStatus":null,"Text":"07/01/2021","TextType":null,"SearchKey":"07/01/2021"},{"BlockType":"QUERY","ColumnIndex":null,"ColumnSpan":null,"Confidence":null,"EntityTypes":null,"Geometry":null,"Hint":null,"Id":"fc2c0690-5d8a-497e-91e4-84c94c25529e","Page":1,"PageClassification":null,"Query":{"Alias":null,"Pages":null,"Text":"What is the date?"},"Relationships":[{"Type":"ANSWER","Ids":["72fb3339-5e88-40be-8ba2-6e5f592597b2"]}],"RowIndex":null,"RowSpan":null,"SelectionStatus":null,"Text":null,"TextType":null},{"BlockType":"QUERY_RESULT","ColumnIndex":null,"ColumnSpan":null,"Confidence":96,"EntityTypes":null,"Geometry":{"BoundingBox":{"Height":0.013999445363879204,"Left":0.2009204477071762,"Top":0.4729413092136383,"Width":0.40899837017059326},"Polygon":[{"X":0.2009204477071762,"Y":0.4729413092136383},{"X":0.6099166870117188,"Y":0.472991019487381},{"X":0.6099188327789307,"Y":0.48694074153900146},{"X":0.2009207308292389,"Y":0.48688992857933044}]},"Hint":null,"Id":"b1ccdda5-754c-451d-b617-093feb3a57ff","Page":1,"PageClassification":null,"Query":null,"Relationships":null,"RowIndex":null,"RowSpan":null,"SelectionStatus":null,"Text":"Twenty Five Thousand Five Hundred And Seventy Only","TextType":null,"SearchKey":"Twenty Five Thousand Five Hundred And Seventy Only"},{"BlockType":"QUERY","ColumnIndex":null,"ColumnSpan":null,"Confidence":null,"EntityTypes":null,"Geometry":null,"Hint":null,"Id":"3dc54f23-d508-430e-ac54-d461545ecbe2","Page":1,"PageClassification":null,"Query":{"Alias":null,"Pages":null,"Text":"What is the check amount in words?"},"Relationships":[{"Type":"ANSWER","Ids":["b1ccdda5-754c-451d-b617-093feb3a57ff"]}],"RowIndex":null,"RowSpan":null,"SelectionStatus":null,"Text":null,"TextType":null},{"BlockType":"QUERY_RESULT","ColumnIndex":null,"ColumnSpan":null,"Confidence":57,"EntityTypes":null,"Geometry":{"BoundingBox":{"Height":0.017000088468194008,"Left":0.7166942358016968,"Top":0.49423232674598694,"Width":0.13347794115543365},"Polygon":[{"X":0.7166942358016968,"Y":0.49423232674598694},{"X":0.8501682281494141,"Y":0.4942491054534912},{"X":0.8501721620559692,"Y":0.5112324357032776},{"X":0.7166973948478699,"Y":0.5112152099609375}]},"Hint":null,"Id":"edcecd23-7e96-4a96-972f-cae9a37ac8f2","Page":1,"PageClassification":null,"Query":null,"Relationships":null,"RowIndex":null,"RowSpan":null,"SelectionStatus":null,"Text":"$25,570.00","TextType":null,"SearchKey":"$25,570.00"},{"BlockType":"QUERY","ColumnIndex":null,"ColumnSpan":null,"Confidence":null,"EntityTypes":null,"Geometry":null,"Hint":null,"Id":"2dd46cab-ff79-4150-9a7f-8bc5754b9cb8","Page":1,"PageClassification":null,"Query":{"Alias":null,"Pages":null,"Text":"What is the dollar amount?"},"Relationships":[{"Type":"ANSWER","Ids":["edcecd23-7e96-4a96-972f-cae9a37ac8f2"]}],"RowIndex":null,"RowSpan":null,"SelectionStatus":null,"Text":null,"TextType":null},{"BlockType":"QUERY","ColumnIndex":null,"ColumnSpan":null,"Confidence":null,"EntityTypes":null,"Geometry":null,"Hint":null,"Id":"c80956d4-55dc-4bec-a015-8b47aaadd808","Page":1,"PageClassification":null,"Query":{"Alias":null,"Pages":null,"Text":"What is the account name/payer/drawer name?"},"Relationships":[{"Type":"ANSWER","Ids":[]}],"RowIndex":null,"RowSpan":null,"SelectionStatus":null,"Text":null,"TextType":null},{"Geometry":{"BoundingBox":{"Top":0.590375542640686,"Left":0.18953837454319,"Width":0.14702941477298737,"Height":0.012104511260986328},"Polygon":[{"X":0.18953837454319,"Y":0.590375542640686},{"X":0.33656778931617737,"Y":0.590375542640686},{"X":0.33656778931617737,"Y":0.6024800539016724},{"X":0.18953837454319,"Y":0.6024800539016724}]},"BlockType":"QUERY_RESULT","Page":1,"Id":"f029e9f4-8faf-46b2-8822-b86ebab6a819","Text":"124585239","Confidence":1,"SearchKey":"⑆124585239⑆"},{"BlockType":"QUERY","ColumnIndex":null,"ColumnSpan":null,"Confidence":null,"EntityTypes":null,"Geometry":null,"Hint":null,"Id":"550076c2-2b05-43dc-86b6-e41cc4fa839f","Page":1,"PageClassification":null,"Query":{"Alias":null,"Pages":null,"Text":"What is the bank routing number?"},"Relationships":[{"Type":"ANSWER","Ids":["f029e9f4-8faf-46b2-8822-b86ebab6a819"]}],"RowIndex":null,"RowSpan":null,"SelectionStatus":null,"Text":null,"TextType":null},{"BlockType":"QUERY_RESULT","ColumnIndex":null,"ColumnSpan":null,"Confidence":97,"EntityTypes":null,"Geometry":{"BoundingBox":{"Height":0.014593997970223427,"Left":0.166381374001503,"Top":0.34922516345977783,"Width":0.39955589175224304},"Polygon":[{"X":0.166381374001503,"Y":0.34922516345977783},{"X":0.5659352540969849,"Y":0.3492642045021057},{"X":0.5659372806549072,"Y":0.3638191521167755},{"X":0.16638150811195374,"Y":0.3637789785861969}]},"Hint":null,"Id":"d0d1a31f-46d6-485b-a656-382449627034","Page":1,"PageClassification":null,"Query":null,"Relationships":null,"RowIndex":null,"RowSpan":null,"SelectionStatus":null,"Text":"BANGLADESH COMMERCE BANK LTD","TextType":null,"SearchKey":"BANGLADESH COMMERCE BANK LTD"},{"BlockType":"QUERY","ColumnIndex":null,"ColumnSpan":null,"Confidence":null,"EntityTypes":null,"Geometry":null,"Hint":null,"Id":"6a4bde22-e0bd-4102-9182-cd11408d3ace","Page":1,"PageClassification":null,"Query":{"Alias":null,"Pages":null,"Text":"What is the bank name/drawee name?"},"Relationships":[{"Type":"ANSWER","Ids":["d0d1a31f-46d6-485b-a656-382449627034"]}],"RowIndex":null,"RowSpan":null,"SelectionStatus":null,"Text":null,"TextType":null},{"BlockType":"QUERY","ColumnIndex":null,"ColumnSpan":null,"Confidence":null,"EntityTypes":null,"Geometry":null,"Hint":null,"Id":"708cc2c0-0081-4e28-b56d-6f72bce35fb4","Page":1,"PageClassification":null,"Query":{"Alias":null,"Pages":null,"Text":"What is the memo?"},"Relationships":[{"Type":"ANSWER","Ids":[]}],"RowIndex":null,"RowSpan":null,"SelectionStatus":null,"Text":null,"TextType":null},{"Geometry":{"BoundingBox":{"Top":0.590375542640686,"Left":0.18953837454319,"Width":0.5767562240362167,"Height":0.012386620044708252},"Polygon":[{"X":0.18953837454319,"Y":0.590375542640686},{"X":0.7662945985794067,"Y":0.590375542640686},{"X":0.7662945985794067,"Y":0.6027621626853943},{"X":0.18953837454319,"Y":0.6027621626853943}]},"BlockType":"QUERY_RESULT","Page":1,"Id":"b5e4ec01-3870-413c-98f5-f77231324232","Text":"⑆124585239⑆ 25874123598⑉ 2551 ⑇12225893471⑆","Confidence":1,"SearchKey":"⑆124585239⑆ 25874123598⑉ 2551 ⑇12225893471⑆"},{"BlockType":"QUERY","ColumnIndex":null,"ColumnSpan":null,"Confidence":null,"EntityTypes":null,"Geometry":null,"Hint":null,"Id":"9eb821b4-4c12-4be5-b521-b915ac7fef44","Page":1,"PageClassification":null,"Query":{"Alias":null,"Pages":null,"Text":"What is the MICR line?"},"Relationships":[{"Type":"ANSWER","Ids":["b5e4ec01-3870-413c-98f5-f77231324232"]}],"RowIndex":null,"RowSpan":null,"SelectionStatus":null,"Text":null,"TextType":null}]}