{"DocumentMetadata":{"Pages":1},"Blocks":[{"Geometry":{"BoundingBox":{"Top":0.4501197636127472,"Left":0.1504620909690857,"Width":0.1624581217765808,"Height":0.02101573348045349},"Polygon":[{"X":0.1504620909690857,"Y":0.4501197636127472},{"X":0.3129202127456665,"Y":0.4501197636127472},{"X":0.3129202127456665,"Y":0.4711354970932007},{"X":0.1504620909690857,"Y":0.4711354970932007}]},"BlockType":"QUERY_RESULT","Page":1,"Id":"37565d8f-84e3-48a6-b529-0090fb0e6351","Text":"Mayra Bena","Confidence":1,"SearchKey":"Mayra Bena"},{"BlockType":"QUERY","ColumnIndex":null,"ColumnSpan":null,"Confidence":null,"EntityTypes":null,"Geometry":null,"Hint":null,"Id":"5457c32a-02d1-49d2-a7fb-8e4e2309709b","Page":1,"PageClassification":null,"Query":{"Alias":null,"Pages":null,"Text":"Who is the payee?"},"Relationships":[{"Type":"ANSWER","Ids":["37565d8f-84e3-48a6-b529-0090fb0e6351"]}],"RowIndex":null,"RowSpan":null,"SelectionStatus":null,"Text":null,"TextType":null},{"BlockType":"QUERY_RESULT","ColumnIndex":null,"ColumnSpan":null,"Confidence":98,"EntityTypes":null,"Geometry":{"BoundingBox":{"Height":0.009068790823221207,"Left":0.8983927369117737,"Top":0.3966357111930847,"Width":0.0344449058175087},"Polygon":[{"X":0.8983927369117737,"Y":0.3966887593269348},{"X":0.9328320026397705,"Y":0.3966357111930847},{"X":0.9328376054763794,"Y":0.40565136075019836},{"X":0.898398220539093,"Y":0.4057044982910156}]},"Hint":null,"Id":"e27ec59b-b7e3-415d-9781-f2dcd0150b4f","Page":1,"PageClassification":null,"Query":null,"Relationships":null,"RowIndex":null,"RowSpan":null,"SelectionStatus":null,"Text":"1593","TextType":null,"SearchKey":"1593"},{"BlockType":"QUERY","ColumnIndex":null,"ColumnSpan":null,"Confidence":null,"EntityTypes":null,"Geometry":null,"Hint":null,"Id":"13745968-376b-4c24-b3eb-1ad1b28ad142","Page":1,"PageClassification":null,"Query":{"Alias":null,"Pages":null,"Text":"What is the check#?"},"Relationships":[{"Type":"ANSWER","Ids":["e27ec59b-b7e3-415d-9781-f2dcd0150b4f"]}],"RowIndex":null,"RowSpan":null,"SelectionStatus":null,"Text":null,"TextType":null},{"BlockType":"QUERY","ColumnIndex":null,"ColumnSpan":null,"Confidence":null,"EntityTypes":null,"Geometry":null,"Hint":null,"Id":"229e7cbd-feae-46fa-b9fd-512b7a2c7481","Page":1,"PageClassification":null,"Query":{"Alias":null,"Pages":null,"Text":"What is the customer name?"},"Relationships":[{"Type":"ANSWER","Ids":[]}],"RowIndex":null,"RowSpan":null,"SelectionStatus":null,"Text":null,"TextType":null},{"Geometry":{"BoundingBox":{"Top":0.5783929824829102,"Left":0.3864966332912445,"Width":0.1539890468120575,"Height":0.010583043098449707},"Polygon":[{"X":0.3864966332912445,"Y":0.5783929824829102},{"X":0.540485680103302,"Y":0.5783929824829102},{"X":0.540485680103302,"Y":0.5889760255813599},{"X":0.3864966332912445,"Y":0.5889760255813599}]},"BlockType":"QUERY_RESULT","Page":1,"Id":"72793502-a1c4-48f0-aecd-1d047972703f","Text":"89078451232","Confidence":1,"SearchKey":"89078451232⑉"},{"BlockType":"QUERY","ColumnIndex":null,"ColumnSpan":null,"Confidence":null,"EntityTypes":null,"Geometry":null,"Hint":null,"Id":"8d9d5d58-f2c2-4069-8963-dfbe4d776e86","Page":1,"PageClassification":null,"Query":{"Alias":null,"Pages":null,"Text":"What is the customer account#?"},"Relationships":[{"Type":"ANSWER","Ids":["72793502-a1c4-48f0-aecd-1d047972703f"]}],"RowIndex":null,"RowSpan":null,"SelectionStatus":null,"Text":null,"TextType":null},{"BlockType":"QUERY_RESULT","ColumnIndex":null,"ColumnSpan":null,"Confidence":94,"EntityTypes":null,"Geometry":{"BoundingBox":{"Height":0.02696322649717331,"Left":0.17072182893753052,"Top":0.5355039238929749,"Width":0.15431827306747437},"Polygon":[{"X":0.17072182893753052,"Y":0.5357469320297241},{"X":0.3250278830528259,"Y":0.5355039238929749},{"X":0.3250401020050049,"Y":0.5622231364250183},{"X":0.17073294520378113,"Y":0.5624671578407288}]},"Hint":null,"Id":"8a47ae03-602e-4767-bcd4-9d865a724f5e","Page":1,"PageClassification":null,"Query":null,"Relationships":null,"RowIndex":null,"RowSpan":null,"SelectionStatus":null,"Text":"1 National Plac #6619 Larrakeyah NT 820","TextType":null,"SearchKey":"1 National Plac #6619 Larrakeyah NT 820"},{"BlockType":"QUERY","ColumnIndex":null,"ColumnSpan":null,"Confidence":null,"EntityTypes":null,"Geometry":null,"Hint":null,"Id":"66c77ed2-cc6f-47c8-93f9-f2c895a35a3a","Page":1,"PageClassification":null,"Query":{"Alias":null,"Pages":null,"Text":"What is the payee address?"},"Relationships":[{"Type":"ANSWER","Ids":["8a47ae03-602e-4767-bcd4-9d865a724f5e"]}],"RowIndex":null,"RowSpan":null,"SelectionStatus":null,"Text":null,"TextType":null},{"BlockType":"QUERY_RESULT","ColumnIndex":null,"ColumnSpan":null,"Confidence":98,"EntityTypes":null,"Geometry":{"BoundingBox":{"Height":0.009494606405496597,"Left":0.8305100798606873,"Top":0.4430643618106842,"Width":0.0931403711438179},"Polygon":[{"X":0.8305100798606873,"Y":0.4432089328765869},{"X":0.9236446619033813,"Y":0.4430643618106842},{"X":0.9236504435539246,"Y":0.4524141848087311},{"X":0.8305156230926514,"Y":0.4525589942932129}]},"Hint":null,"Id":"cd09d672-f107-44c2-ae21-f3417051b677","Page":1,"PageClassification":null,"Query":null,"Relationships":null,"RowIndex":null,"RowSpan":null,"SelectionStatus":null,"Text":"01/30/22","TextType":null,"SearchKey":"01/30/22"},{"BlockType":"QUERY","ColumnIndex":null,"ColumnSpan":null,"Confidence":null,"EntityTypes":null,"Geometry":null,"Hint":null,"Id":"2a3f9434-eccd-4c4d-90a7-238d76813b02","Page":1,"PageClassification":null,"Query":{"Alias":null,"Pages":null,"Text":"What is the date?"},"Relationships":[{"Type":"ANSWER","Ids":["cd09d672-f107-44c2-ae21-f3417051b677"]}],"RowIndex":null,"RowSpan":null,"SelectionStatus":null,"Text":null,"TextType":null},{"BlockType":"QUERY_RESULT","ColumnIndex":null,"ColumnSpan":null,"Confidence":98,"EntityTypes":null,"Geometry":{"BoundingBox":{"Height":0.021518610417842865,"Left":0.10712847858667374,"Top":0.4759182631969452,"Width":0.5196633338928223},"Polygon":[{"X":0.10712847858667374,"Y":0.47672906517982483},{"X":0.6267806887626648,"Y":0.4759182631969452},{"X":0.6267918348312378,"Y":0.49662336707115173},{"X":0.10713674128055573,"Y":0.49743685126304626}]},"Hint":null,"Id":"3335a7a8-30a4-47f7-b92f-1cdd452d8ebe","Page":1,"PageClassification":null,"Query":null,"Relationships":null,"RowIndex":null,"RowSpan":null,"SelectionStatus":null,"Text":"Seventeen Thousand Four Hundred Sixty Only","TextType":null,"SearchKey":"Seventeen Thousand Four Hundred Sixty Only"},{"BlockType":"QUERY","ColumnIndex":null,"ColumnSpan":null,"Confidence":null,"EntityTypes":null,"Geometry":null,"Hint":null,"Id":"7d06e4eb-1e7a-41bf-af1d-6e9a02d4ba7d","Page":1,"PageClassification":null,"Query":{"Alias":null,"Pages":null,"Text":"What is the check amount in words?"},"Relationships":[{"Type":"ANSWER","Ids":["3335a7a8-30a4-47f7-b92f-1cdd452d8ebe"]}],"RowIndex":null,"RowSpan":null,"SelectionStatus":null,"Text":null,"TextType":null},{"Geometry":{"BoundingBox":{"Top":0.47516098618507385,"Left":0.8070275187492371,"Width":0.10880684852600098,"Height":0.01649656891822815},"Polygon":[{"X":0.8070275187492371,"Y":0.47516098618507385},{"X":0.915834367275238,"Y":0.47516098618507385},{"X":0.915834367275238,"Y":0.491657555103302},{"X":0.8070275187492371,"Y":0.491657555103302}]},"BlockType":"QUERY_RESULT","Page":1,"Id":"635e4ff2-f9ce-4635-9fde-ea2ce55ea18c","Text":"$17,4601-","Confidence":1,"SearchKey":"$17,4601-"},{"BlockType":"QUERY","ColumnIndex":null,"ColumnSpan":null,"Confidence":null,"EntityTypes":null,"Geometry":null,"Hint":null,"Id":"ce64f57c-1b00-4bc5-8fe8-fdd53a177479","Page":1,"PageClassification":null,"Query":{"Alias":null,"Pages":null,"Text":"What is the dollar amount?"},"Relationships":[{"Type":"ANSWER","Ids":["635e4ff2-f9ce-4635-9fde-ea2ce55ea18c"]}],"RowIndex":null,"RowSpan":null,"SelectionStatus":null,"Text":null,"TextType":null},{"BlockType":"QUERY","ColumnIndex":null,"ColumnSpan":null,"Confidence":null,"EntityTypes":null,"Geometry":null,"Hint":null,"Id":"e9057a13-dca8-45b9-9e76-b89139360ab6","Page":1,"PageClassification":null,"Query":{"Alias":null,"Pages":null,"Text":"What is the account name/payer/drawer name?"},"Relationships":[{"Type":"ANSWER","Ids":[]}],"RowIndex":null,"RowSpan":null,"SelectionStatus":null,"Text":null,"TextType":null},{"BlockType":"QUERY_RESULT","ColumnIndex":null,"ColumnSpan":null,"Confidence":88,"EntityTypes":null,"Geometry":{"BoundingBox":{"Height":0.010581881739199162,"Left":0.22800016403198242,"Top":0.5788489580154419,"Width":0.143633633852005},"Polygon":[{"X":0.22800016403198242,"Y":0.5790767073631287},{"X":0.37162894010543823,"Y":0.5788489580154419},{"X":0.3716337978839874,"Y":0.5892027020454407},{"X":0.22800463438034058,"Y":0.5894308090209961}]},"Hint":null,"Id":"0f5c111a-5558-4300-affc-e5c81898690f","Page":1,"PageClassification":null,"Query":null,"Relationships":null,"RowIndex":null,"RowSpan":null,"SelectionStatus":null,"Text":"252978254","TextType":null,"SearchKey":"252978254"},{"BlockType":"QUERY","ColumnIndex":null,"ColumnSpan":null,"Confidence":null,"EntityTypes":null,"Geometry":null,"Hint":null,"Id":"e1d73937-1b3a-4521-b48b-02f0513f0682","Page":1,"PageClassification":null,"Query":{"Alias":null,"Pages":null,"Text":"What is the bank routing number?"},"Relationships":[{"Type":"ANSWER","Ids":["0f5c111a-5558-4300-affc-e5c81898690f"]}],"RowIndex":null,"RowSpan":null,"SelectionStatus":null,"Text":null,"TextType":null},{"BlockType":"QUERY_RESULT","ColumnIndex":null,"ColumnSpan":null,"Confidence":98,"EntityTypes":null,"Geometry":{"BoundingBox":{"Height":0.009449165314435959,"Left":0.5830603241920471,"Top":0.3673551380634308,"Width":0.0645272359251976},"Polygon":[{"X":0.5830603241920471,"Y":0.36745408177375793},{"X":0.647582471370697,"Y":0.3673551380634308},{"X":0.6475875973701477,"Y":0.37670522928237915},{"X":0.5830652713775635,"Y":0.37680429220199585}]},"Hint":null,"Id":"3df03cde-478e-4dc0-b79c-0821f51b24f1","Page":1,"PageClassification":null,"Query":null,"Relationships":null,"RowIndex":null,"RowSpan":null,"SelectionStatus":null,"Text":"US BANK","TextType":null,"SearchKey":"US BANK"},{"BlockType":"QUERY","ColumnIndex":null,"ColumnSpan":null,"Confidence":null,"EntityTypes":null,"Geometry":null,"Hint":null,"Id":"a864981c-c59d-47fe-aa25-09c9ed79122a","Page":1,"PageClassification":null,"Query":{"Alias":null,"Pages":null,"Text":"What is the bank name/drawee name?"},"Relationships":[{"Type":"ANSWER","Ids":["3df03cde-478e-4dc0-b79c-0821f51b24f1"]}],"RowIndex":null,"RowSpan":null,"SelectionStatus":null,"Text":null,"TextType":null},{"BlockType":"QUERY","ColumnIndex":null,"ColumnSpan":null,"Confidence":null,"EntityTypes":null,"Geometry":null,"Hint":null,"Id":"164f2e59-c43f-4ad9-9fe5-55f10dd29609","Page":1,"PageClassification":null,"Query":{"Alias":null,"Pages":null,"Text":"What is the memo?"},"Relationships":[{"Type":"ANSWER","Ids":[]}],"RowIndex":null,"RowSpan":null,"SelectionStatus":null,"Text":null,"TextType":null},{"Geometry":{"BoundingBox":{"Top":0.5774635076522827,"Left":0.22801482677459717,"Width":0.560661256313324,"Height":0.012089252471923828},"Polygon":[{"X":0.22801482677459717,"Y":0.5774635076522827},{"X":0.7886760830879211,"Y":0.5774635076522827},{"X":0.7886760830879211,"Y":0.5895527601242065},{"X":0.22801482677459717,"Y":0.5895527601242065}]},"BlockType":"QUERY_RESULT","Page":1,"Id":"199e7e33-6fd0-4286-93ff-f651611af29b","Text":"⑆252978254⑆ 89078451232⑉ 1593 ⑇02212112023⑆","Confidence":1,"SearchKey":"⑆252978254⑆ 89078451232⑉ 1593 ⑇02212112023⑆"},{"BlockType":"QUERY","ColumnIndex":null,"ColumnSpan":null,"Confidence":null,"EntityTypes":null,"Geometry":null,"Hint":null,"Id":"dcc10ee2-d9c8-46f7-a36c-f363348b5159","Page":1,"PageClassification":null,"Query":{"Alias":null,"Pages":null,"Text":"What is the MICR line?"},"Relationships":[{"Type":"ANSWER","Ids":["199e7e33-6fd0-4286-93ff-f651611af29b"]}],"RowIndex":null,"RowSpan":null,"SelectionStatus":null,"Text":null,"TextType":null}]}