{"DocumentMetadata":{"Pages":1},"Blocks":[{"BlockType":"QUERY_RESULT","ColumnIndex":null,"ColumnSpan":null,"Confidence":86,"EntityTypes":null,"Geometry":{"BoundingBox":{"Height":0.11531450599431992,"Left":0.2581397294998169,"Top":0.3998908996582031,"Width":0.2853293716907501},"Polygon":[{"X":0.2581655979156494,"Y":0.3998908996582031},{"X":0.5434572696685791,"Y":0.4002291262149811},{"X":0.5434691309928894,"Y":0.5152053833007812},{"X":0.2581397294998169,"Y":0.5148512721061707}]},"Hint":null,"Id":"4dac500f-ba44-48d1-b59a-0d02e383a829","Page":1,"PageClassification":null,"Query":null,"Relationships":null,"RowIndex":null,"RowSpan":null,"SelectionStatus":null,"Text":"Mrs Georgio Jorry","TextType":null,"SearchKey":"Mrs Georgio Jorry"},{"BlockType":"QUERY","ColumnIndex":null,"ColumnSpan":null,"Confidence":null,"EntityTypes":null,"Geometry":null,"Hint":null,"Id":"fb30c2f2-06dd-42d9-982f-2312e5006bea","Page":1,"PageClassification":null,"Query":{"Alias":null,"Pages":null,"Text":"Who is the payee?"},"Relationships":[{"Type":"ANSWER","Ids":["4dac500f-ba44-48d1-b59a-0d02e383a829"]}],"RowIndex":null,"RowSpan":null,"SelectionStatus":null,"Text":null,"TextType":null},{"BlockType":"QUERY_RESULT","ColumnIndex":null,"ColumnSpan":null,"Confidence":99,"EntityTypes":null,"Geometry":{"BoundingBox":{"Height":0.031579792499542236,"Left":0.9164451956748962,"Top":0.13471633195877075,"Width":0.031996920704841614},"Polygon":[{"X":0.9164451956748962,"Y":0.13471633195877075},{"X":0.948424220085144,"Y":0.1347501277923584},{"X":0.9484421610832214,"Y":0.166296124458313},{"X":0.9164620041847229,"Y":0.16626182198524475}]},"Hint":null,"Id":"6e7322a9-a01f-4b76-9562-1d07ff2734b5","Page":1,"PageClassification":null,"Query":null,"Relationships":null,"RowIndex":null,"RowSpan":null,"SelectionStatus":null,"Text":"1842","TextType":null,"SearchKey":"1842"},{"BlockType":"QUERY","ColumnIndex":null,"ColumnSpan":null,"Confidence":null,"EntityTypes":null,"Geometry":null,"Hint":null,"Id":"8033cbe7-8cae-45a4-8172-90dfa3737920","Page":1,"PageClassification":null,"Query":{"Alias":null,"Pages":null,"Text":"What is the check#?"},"Relationships":[{"Type":"ANSWER","Ids":["6e7322a9-a01f-4b76-9562-1d07ff2734b5"]}],"RowIndex":null,"RowSpan":null,"SelectionStatus":null,"Text":null,"TextType":null},{"BlockType":"QUERY","ColumnIndex":null,"ColumnSpan":null,"Confidence":null,"EntityTypes":null,"Geometry":null,"Hint":null,"Id":"c9f0dde0-71e1-4208-ae6a-5d1eaf1abda1","Page":1,"PageClassification":null,"Query":{"Alias":null,"Pages":null,"Text":"What is the customer name?"},"Relationships":[{"Type":"ANSWER","Ids":[]}],"RowIndex":null,"RowSpan":null,"SelectionStatus":null,"Text":null,"TextType":null},{"BlockType":"QUERY_RESULT","ColumnIndex":null,"ColumnSpan":null,"Confidence":65.24561309814453,"EntityTypes":null,"Geometry":{"BoundingBox":{"Height":0.038613077253103256,"Left":0.3716927170753479,"Top":0.9087453484535217,"Width":0.14807255566120148},"Polygon":[{"X":0.3716963529586792,"Y":0.9087453484535217},{"X":0.519762396812439,"Y":0.9089572429656982},{"X":0.5197652578353882,"Y":0.9473583698272705},{"X":0.3716927170753479,"Y":0.9471437335014343}]},"Hint":null,"Id":"838ad90a-b795-40c8-81df-6b880045ff29","Page":1,"PageClassification":null,"Query":null,"Relationships":null,"RowIndex":null,"RowSpan":null,"SelectionStatus":null,"Text":"014124500887","TextType":"PRINTED","SearchKey":"014124500887"},{"BlockType":"QUERY","ColumnIndex":null,"ColumnSpan":null,"Confidence":null,"EntityTypes":null,"Geometry":null,"Hint":null,"Id":"f825ee54-2a2d-4a04-bff1-d708ac262359","Page":1,"PageClassification":null,"Query":{"Alias":null,"Pages":null,"Text":"What is the customer account#?"},"Relationships":[{"Type":"ANSWER","Ids":["838ad90a-b795-40c8-81df-6b880045ff29"]}],"RowIndex":null,"RowSpan":null,"SelectionStatus":null,"Text":null,"TextType":null},{"BlockType":"QUERY_RESULT","ColumnIndex":null,"ColumnSpan":null,"Confidence":88,"EntityTypes":null,"Geometry":{"BoundingBox":{"Height":0.21474292874336243,"Left":0.259736031293869,"Top":0.4945639669895172,"Width":0.3969478905200958},"Polygon":[{"X":0.25978386402130127,"Y":0.4945639669895172},{"X":0.6566340327262878,"Y":0.49505260586738586},{"X":0.6566839218139648,"Y":0.7093068957328796},{"X":0.259736031293869,"Y":0.7087770700454712}]},"Hint":null,"Id":"f4a9d5ae-3478-46a1-b3ba-36c601f634ac","Page":1,"PageClassification":null,"Query":null,"Relationships":null,"RowIndex":null,"RowSpan":null,"SelectionStatus":null,"Text":"2201 Point street Buffolo Grove illinois 60089","TextType":null,"SearchKey":"2201 Point street Buffolo Grove illinois 60089"},{"BlockType":"QUERY","ColumnIndex":null,"ColumnSpan":null,"Confidence":null,"EntityTypes":null,"Geometry":null,"Hint":null,"Id":"c9059d6c-cd21-41f6-b155-496ae89f42e1","Page":1,"PageClassification":null,"Query":{"Alias":null,"Pages":null,"Text":"What is the payee address?"},"Relationships":[{"Type":"ANSWER","Ids":["f4a9d5ae-3478-46a1-b3ba-36c601f634ac"]}],"RowIndex":null,"RowSpan":null,"SelectionStatus":null,"Text":null,"TextType":null},{"BlockType":"QUERY_RESULT","ColumnIndex":null,"ColumnSpan":null,"Confidence":97,"EntityTypes":null,"Geometry":{"BoundingBox":{"Height":0.04066715016961098,"Left":0.3385205566883087,"Top":0.19267533719539642,"Width":0.10327497124671936},"Polygon":[{"X":0.3385259509086609,"Y":0.19267533719539642},{"X":0.4417955279350281,"Y":0.19278742372989655},{"X":0.4417949616909027,"Y":0.2333424836397171},{"X":0.3385205566883087,"Y":0.23322837054729462}]},"Hint":null,"Id":"899f462a-3b7d-4d05-b899-3806a382757e","Page":1,"PageClassification":null,"Query":null,"Relationships":null,"RowIndex":null,"RowSpan":null,"SelectionStatus":null,"Text":"13 10 22","TextType":null,"SearchKey":"13 10 22"},{"BlockType":"QUERY","ColumnIndex":null,"ColumnSpan":null,"Confidence":null,"EntityTypes":null,"Geometry":null,"Hint":null,"Id":"7dee41f2-6ef8-4578-a820-610db336fa25","Page":1,"PageClassification":null,"Query":{"Alias":null,"Pages":null,"Text":"What is the date?"},"Relationships":[{"Type":"ANSWER","Ids":["899f462a-3b7d-4d05-b899-3806a382757e"]}],"RowIndex":null,"RowSpan":null,"SelectionStatus":null,"Text":null,"TextType":null},{"BlockType":"QUERY_RESULT","ColumnIndex":null,"ColumnSpan":null,"Confidence":97,"EntityTypes":null,"Geometry":{"BoundingBox":{"Height":0.0906897708773613,"Left":0.4696643054485321,"Top":0.22661375999450684,"Width":0.48378461599349976},"Polygon":[{"X":0.4696643054485321,"Y":0.22661375999450684},{"X":0.9533971548080444,"Y":0.2271467000246048},{"X":0.9534489512443542,"Y":0.31730350852012634},{"X":0.46966591477394104,"Y":0.3167494833469391}]},"Hint":null,"Id":"211b3c65-35c0-4903-9e8b-880978f999d9","Page":1,"PageClassification":null,"Query":null,"Relationships":null,"RowIndex":null,"RowSpan":null,"SelectionStatus":null,"Text":"Ten Thousand and 00/100 Dollars","TextType":null,"SearchKey":"Ten Thousand and 00/100 Dollars"},{"BlockType":"QUERY","ColumnIndex":null,"ColumnSpan":null,"Confidence":null,"EntityTypes":null,"Geometry":null,"Hint":null,"Id":"019a4a3a-f0b7-42b1-87d1-42be3caaa347","Page":1,"PageClassification":null,"Query":{"Alias":null,"Pages":null,"Text":"What is the check amount in words?"},"Relationships":[{"Type":"ANSWER","Ids":["211b3c65-35c0-4903-9e8b-880978f999d9"]}],"RowIndex":null,"RowSpan":null,"SelectionStatus":null,"Text":null,"TextType":null},{"BlockType":"QUERY_RESULT","ColumnIndex":null,"ColumnSpan":null,"Confidence":64,"EntityTypes":null,"Geometry":{"BoundingBox":{"Height":0.054330792278051376,"Left":0.8001337647438049,"Top":0.42758727073669434,"Width":0.1780194640159607},"Polygon":[{"X":0.8001337647438049,"Y":0.42758727073669434},{"X":0.9781206250190735,"Y":0.42780059576034546},{"X":0.9781532287597656,"Y":0.481918066740036},{"X":0.8001553416252136,"Y":0.48170006275177}]},"Hint":null,"Id":"5f39647e-d1f0-42aa-8944-a58a0eef4277","Page":1,"PageClassification":null,"Query":null,"Relationships":null,"RowIndex":null,"RowSpan":null,"SelectionStatus":null,"Text":"$ 10,000.00","TextType":null,"SearchKey":"$ 10,000.00"},{"BlockType":"QUERY","ColumnIndex":null,"ColumnSpan":null,"Confidence":null,"EntityTypes":null,"Geometry":null,"Hint":null,"Id":"fe9e1d8a-4366-4246-88fb-f0d01d0c3289","Page":1,"PageClassification":null,"Query":{"Alias":null,"Pages":null,"Text":"What is the dollar amount?"},"Relationships":[{"Type":"ANSWER","Ids":["5f39647e-d1f0-42aa-8944-a58a0eef4277"]}],"RowIndex":null,"RowSpan":null,"SelectionStatus":null,"Text":null,"TextType":null},{"BlockType":"QUERY","ColumnIndex":null,"ColumnSpan":null,"Confidence":null,"EntityTypes":null,"Geometry":null,"Hint":null,"Id":"4e05ba3c-caee-426a-a417-f73bb0f02653","Page":1,"PageClassification":null,"Query":{"Alias":null,"Pages":null,"Text":"What is the account name/payer/drawer name?"},"Relationships":[{"Type":"ANSWER","Ids":[]}],"RowIndex":null,"RowSpan":null,"SelectionStatus":null,"Text":null,"TextType":null},{"BlockType":"QUERY_RESULT","ColumnIndex":null,"ColumnSpan":null,"Confidence":99.9832534790039,"EntityTypes":null,"Geometry":{"BoundingBox":{"Height":0.03798124939203262,"Left":0.23086707293987274,"Top":0.9095631837844849,"Width":0.1263105422258377},"Polygon":[{"X":0.23087675869464874,"Y":0.9095631837844849},{"X":0.35717761516571045,"Y":0.9097440242767334},{"X":0.3571734130382538,"Y":0.9475444555282593},{"X":0.23086707293987274,"Y":0.9473612904548645}]},"Hint":null,"Id":"6236efd5-9571-45d7-885d-a28def57cdee","Page":1,"PageClassification":null,"Query":null,"Relationships":null,"RowIndex":null,"RowSpan":null,"SelectionStatus":null,"Text":"775912011","TextType":"PRINTED","SearchKey":"⑆775912011"},{"BlockType":"QUERY","ColumnIndex":null,"ColumnSpan":null,"Confidence":null,"EntityTypes":null,"Geometry":null,"Hint":null,"Id":"015d2d64-2d37-4958-b451-62671b12650e","Page":1,"PageClassification":null,"Query":{"Alias":null,"Pages":null,"Text":"What is the bank routing number?"},"Relationships":[{"Type":"ANSWER","Ids":["6236efd5-9571-45d7-885d-a28def57cdee"]}],"RowIndex":null,"RowSpan":null,"SelectionStatus":null,"Text":null,"TextType":null},{"Geometry":{"BoundingBox":{"Top":0.012833327986299992,"Left":0.29951906204223633,"Width":0.1547187864780426,"Height":0.13182525243610144},"Polygon":[{"X":0.29951906204223633,"Y":0.012833327986299992},{"X":0.45423784852027893,"Y":0.012833327986299992},{"X":0.45423784852027893,"Y":0.14465858042240143},{"X":0.29951906204223633,"Y":0.14465858042240143}]},"BlockType":"QUERY_RESULT","Page":1,"Id":"0abfa472-14ec-4c5f-baaf-af19e5d28fbc","Text":"United States Treasury","Confidence":1,"SearchKey":"Treasury"},{"BlockType":"QUERY","ColumnIndex":null,"ColumnSpan":null,"Confidence":null,"EntityTypes":null,"Geometry":null,"Hint":null,"Id":"00da554d-c316-4bee-84f7-fcf8b65f2aad","Page":1,"PageClassification":null,"Query":{"Alias":null,"Pages":null,"Text":"What is the bank name/drawee name?"},"Relationships":[{"Type":"ANSWER","Ids":["0abfa472-14ec-4c5f-baaf-af19e5d28fbc"]}],"RowIndex":null,"RowSpan":null,"SelectionStatus":null,"Text":null,"TextType":null},{"Geometry":{"BoundingBox":{"Top":0.7109509110450745,"Left":0.18203037977218628,"Width":0.23127445578575134,"Height":0.033221542835235596},"Polygon":[{"X":0.18203037977218628,"Y":0.7109509110450745},{"X":0.4133048355579376,"Y":0.7109509110450745},{"X":0.4133048355579376,"Y":0.7441724538803101},{"X":0.18203037977218628,"Y":0.7441724538803101}]},"BlockType":"QUERY_RESULT","Page":1,"Id":"b9823c07-9a4c-47f0-a70e-adbcff7f1995","Text":"ECONOMIC IMPACT PAYMENT","Confidence":1,"SearchKey":"ECONOMIC IMPACT PAYMENT"},{"BlockType":"QUERY","ColumnIndex":null,"ColumnSpan":null,"Confidence":null,"EntityTypes":null,"Geometry":null,"Hint":null,"Id":"d1205304-bd3f-4c18-b757-672c4d1fbb1b","Page":1,"PageClassification":null,"Query":{"Alias":null,"Pages":null,"Text":"What is the memo?"},"Relationships":[{"Type":"ANSWER","Ids":["b9823c07-9a4c-47f0-a70e-adbcff7f1995"]}],"RowIndex":null,"RowSpan":null,"SelectionStatus":null,"Text":null,"TextType":null},{"Geometry":{"BoundingBox":{"Top":0.9087453484535217,"Left":0.23086707293987274,"Width":0.5224448591470718,"Height":0.04140657186508179},"Polygon":[{"X":0.23086707293987274,"Y":0.9087453484535217},{"X":0.7533119320869446,"Y":0.9087453484535217},{"X":0.7533119320869446,"Y":0.9501519203186035},{"X":0.23086707293987274,"Y":0.9501519203186035}]},"BlockType":"QUERY_RESULT","Page":1,"Id":"4f805bde-a439-44ad-a6f4-edb26cb883ce","Text":"⑆775912011 014124500887 1842 45129812011⑆","Confidence":1,"SearchKey":"⑆775912011 014124500887 1842 45129812011⑆"},{"BlockType":"QUERY","ColumnIndex":null,"ColumnSpan":null,"Confidence":null,"EntityTypes":null,"Geometry":null,"Hint":null,"Id":"461ff008-c48b-4480-aae2-1ac635c0c110","Page":1,"PageClassification":null,"Query":{"Alias":null,"Pages":null,"Text":"What is the MICR line?"},"Relationships":[{"Type":"ANSWER","Ids":["4f805bde-a439-44ad-a6f4-edb26cb883ce"]}],"RowIndex":null,"RowSpan":null,"SelectionStatus":null,"Text":null,"TextType":null}]}