{"DocumentMetadata":{"Pages":1},"Blocks":[{"BlockType":"QUERY_RESULT","ColumnIndex":null,"ColumnSpan":null,"Confidence":99,"EntityTypes":null,"Geometry":{"BoundingBox":{"Height":0.03992992267012596,"Left":0.2791979908943176,"Top":0.4496791958808899,"Width":0.07113412767648697},"Polygon":[{"X":0.2792486846446991,"Y":0.4496791958808899},{"X":0.3503321409225464,"Y":0.4498262405395508},{"X":0.3502826690673828,"Y":0.48960912227630615},{"X":0.2791979908943176,"Y":0.48946160078048706}]},"Hint":null,"Id":"efa499a9-3bb4-4d91-ab5c-9cb293c3249e","Page":1,"PageClassification":null,"Query":null,"Relationships":null,"RowIndex":null,"RowSpan":null,"SelectionStatus":null,"Text":"Lina pacot","TextType":null,"SearchKey":"Lina pacot"},{"BlockType":"QUERY","ColumnIndex":null,"ColumnSpan":null,"Confidence":null,"EntityTypes":null,"Geometry":null,"Hint":null,"Id":"88847948-d60d-42ae-85a5-001dd0b60918","Page":1,"PageClassification":null,"Query":{"Alias":null,"Pages":null,"Text":"Who is the payee?"},"Relationships":[{"Type":"ANSWER","Ids":["efa499a9-3bb4-4d91-ab5c-9cb293c3249e"]}],"RowIndex":null,"RowSpan":null,"SelectionStatus":null,"Text":null,"TextType":null},{"BlockType":"QUERY_RESULT","ColumnIndex":null,"ColumnSpan":null,"Confidence":99,"EntityTypes":null,"Geometry":{"BoundingBox":{"Height":0.03036799468100071,"Left":0.9186123013496399,"Top":0.1289682686328888,"Width":0.031131519004702568},"Polygon":[{"X":0.9186425805091858,"Y":0.1289682686328888},{"X":0.9497438073158264,"Y":0.12903091311454773},{"X":0.949713945388794,"Y":0.15933626890182495},{"X":0.9186123013496399,"Y":0.15927346050739288}]},"Hint":null,"Id":"0ce067e9-1333-4040-b51b-451a3fdf8ba2","Page":1,"PageClassification":null,"Query":null,"Relationships":null,"RowIndex":null,"RowSpan":null,"SelectionStatus":null,"Text":"1499","TextType":null,"SearchKey":"1499"},{"BlockType":"QUERY","ColumnIndex":null,"ColumnSpan":null,"Confidence":null,"EntityTypes":null,"Geometry":null,"Hint":null,"Id":"931a3ed4-e603-470a-a63d-f6eee9e46ce8","Page":1,"PageClassification":null,"Query":{"Alias":null,"Pages":null,"Text":"What is the check#?"},"Relationships":[{"Type":"ANSWER","Ids":["0ce067e9-1333-4040-b51b-451a3fdf8ba2"]}],"RowIndex":null,"RowSpan":null,"SelectionStatus":null,"Text":null,"TextType":null},{"BlockType":"QUERY","ColumnIndex":null,"ColumnSpan":null,"Confidence":null,"EntityTypes":null,"Geometry":null,"Hint":null,"Id":"a838fab3-afc8-4e48-8a68-45b1fcc39a8b","Page":1,"PageClassification":null,"Query":{"Alias":null,"Pages":null,"Text":"What is the customer name?"},"Relationships":[{"Type":"ANSWER","Ids":[]}],"RowIndex":null,"RowSpan":null,"SelectionStatus":null,"Text":null,"TextType":null},{"BlockType":"QUERY_RESULT","ColumnIndex":null,"ColumnSpan":null,"Confidence":99.99250030517578,"EntityTypes":null,"Geometry":{"BoundingBox":{"Height":0.03316561505198479,"Left":0.38080883026123047,"Top":0.8832787275314331,"Width":0.11174995452165604},"Polygon":[{"X":0.38084933161735535,"Y":0.8832787275314331},{"X":0.4925587773323059,"Y":0.8835180401802063},{"X":0.49251988530158997,"Y":0.9164443612098694},{"X":0.38080883026123047,"Y":0.9162044525146484}]},"Hint":null,"Id":"d3ee9014-2f27-4be5-804a-c29e54ff1bef","Page":1,"PageClassification":null,"Query":null,"Relationships":null,"RowIndex":null,"RowSpan":null,"SelectionStatus":null,"Text":"3597154121","TextType":"PRINTED","SearchKey":"3597154121"},{"BlockType":"QUERY","ColumnIndex":null,"ColumnSpan":null,"Confidence":null,"EntityTypes":null,"Geometry":null,"Hint":null,"Id":"6a0e83ec-180f-4361-9718-f4154fccba04","Page":1,"PageClassification":null,"Query":{"Alias":null,"Pages":null,"Text":"What is the customer account#?"},"Relationships":[{"Type":"ANSWER","Ids":["d3ee9014-2f27-4be5-804a-c29e54ff1bef"]}],"RowIndex":null,"RowSpan":null,"SelectionStatus":null,"Text":null,"TextType":null},{"BlockType":"QUERY_RESULT","ColumnIndex":null,"ColumnSpan":null,"Confidence":97,"EntityTypes":null,"Geometry":{"BoundingBox":{"Height":0.09524281322956085,"Left":0.2790604531764984,"Top":0.5027226805686951,"Width":0.2467043250799179},"Polygon":[{"X":0.2791811227798462,"Y":0.5027226805686951},{"X":0.5257647633552551,"Y":0.5032349824905396},{"X":0.525654137134552,"Y":0.5979654788970947},{"X":0.2790604531764984,"Y":0.5974492430686951}]},"Hint":null,"Id":"55782ecb-6165-41ce-bdb6-7b49c26b976b","Page":1,"PageClassification":null,"Query":null,"Relationships":null,"RowIndex":null,"RowSpan":null,"SelectionStatus":null,"Text":"10040 County Road 48, Fairhope AL 36533","TextType":null,"SearchKey":"10040 County Road 48, Fairhope AL 36533"},{"BlockType":"QUERY","ColumnIndex":null,"ColumnSpan":null,"Confidence":null,"EntityTypes":null,"Geometry":null,"Hint":null,"Id":"6f722a8f-aa4c-40eb-a571-ab5673e700df","Page":1,"PageClassification":null,"Query":{"Alias":null,"Pages":null,"Text":"What is the payee address?"},"Relationships":[{"Type":"ANSWER","Ids":["55782ecb-6165-41ce-bdb6-7b49c26b976b"]}],"RowIndex":null,"RowSpan":null,"SelectionStatus":null,"Text":null,"TextType":null},{"BlockType":"QUERY_RESULT","ColumnIndex":null,"ColumnSpan":null,"Confidence":82,"EntityTypes":null,"Geometry":{"BoundingBox":{"Height":0.03240523859858513,"Left":0.3306242525577545,"Top":0.19028319418430328,"Width":0.10221371054649353},"Polygon":[{"X":0.33066457509994507,"Y":0.19028319418430328},{"X":0.43283796310424805,"Y":0.19049006700515747},{"X":0.4327990710735321,"Y":0.2226884365081787},{"X":0.3306242525577545,"Y":0.22248099744319916}]},"Hint":null,"Id":"0061962b-15bd-44d5-b161-21c10d9d774f","Page":1,"PageClassification":null,"Query":null,"Relationships":null,"RowIndex":null,"RowSpan":null,"SelectionStatus":null,"Text":"31 01 21","TextType":null,"SearchKey":"31 01 21"},{"BlockType":"QUERY","ColumnIndex":null,"ColumnSpan":null,"Confidence":null,"EntityTypes":null,"Geometry":null,"Hint":null,"Id":"12388b16-0cf1-48b4-b09a-e0f7bb11bdf7","Page":1,"PageClassification":null,"Query":{"Alias":null,"Pages":null,"Text":"What is the date?"},"Relationships":[{"Type":"ANSWER","Ids":["0061962b-15bd-44d5-b161-21c10d9d774f"]}],"RowIndex":null,"RowSpan":null,"SelectionStatus":null,"Text":null,"TextType":null},{"BlockType":"QUERY_RESULT","ColumnIndex":null,"ColumnSpan":null,"Confidence":95,"EntityTypes":null,"Geometry":{"BoundingBox":{"Height":0.046067479997873306,"Left":0.5393804311752319,"Top":0.21154046058654785,"Width":0.29920291900634766},"Polygon":[{"X":0.5394332408905029,"Y":0.21154046058654785},{"X":0.8385833501815796,"Y":0.21214722096920013},{"X":0.8385363817214966,"Y":0.25760793685913086},{"X":0.5393804311752319,"Y":0.25699886679649353}]},"Hint":null,"Id":"a969cae7-b0b7-4529-ac57-6bde6ba5a721","Page":1,"PageClassification":null,"Query":null,"Relationships":null,"RowIndex":null,"RowSpan":null,"SelectionStatus":null,"Text":"Forty Eight thousand 00/100 Dollars Only","TextType":null,"SearchKey":"Forty Eight thousand 00/100 Dollars Only"},{"BlockType":"QUERY","ColumnIndex":null,"ColumnSpan":null,"Confidence":null,"EntityTypes":null,"Geometry":null,"Hint":null,"Id":"fee25cac-3ba7-4d8c-bdcb-91c6db3181e9","Page":1,"PageClassification":null,"Query":{"Alias":null,"Pages":null,"Text":"What is the check amount in words?"},"Relationships":[{"Type":"ANSWER","Ids":["a969cae7-b0b7-4529-ac57-6bde6ba5a721"]}],"RowIndex":null,"RowSpan":null,"SelectionStatus":null,"Text":null,"TextType":null},{"BlockType":"QUERY_RESULT","ColumnIndex":null,"ColumnSpan":null,"Confidence":73,"EntityTypes":null,"Geometry":{"BoundingBox":{"Height":0.03996295481920242,"Left":0.8049966096878052,"Top":0.42424359917640686,"Width":0.08594872057437897},"Polygon":[{"X":0.805038332939148,"Y":0.42424359917640686},{"X":0.890945315361023,"Y":0.42442092299461365},{"X":0.8909050822257996,"Y":0.4642065763473511},{"X":0.8049966096878052,"Y":0.46402865648269653}]},"Hint":null,"Id":"4b546f7e-32f1-4941-bc29-4890fb9f1c81","Page":1,"PageClassification":null,"Query":null,"Relationships":null,"RowIndex":null,"RowSpan":null,"SelectionStatus":null,"Text":"$ 48 000.00","TextType":null,"SearchKey":"$ 48 000.00"},{"BlockType":"QUERY","ColumnIndex":null,"ColumnSpan":null,"Confidence":null,"EntityTypes":null,"Geometry":null,"Hint":null,"Id":"fbf2f328-b322-45d9-9a02-1f3b5fb8f619","Page":1,"PageClassification":null,"Query":{"Alias":null,"Pages":null,"Text":"What is the dollar amount?"},"Relationships":[{"Type":"ANSWER","Ids":["4b546f7e-32f1-4941-bc29-4890fb9f1c81"]}],"RowIndex":null,"RowSpan":null,"SelectionStatus":null,"Text":null,"TextType":null},{"BlockType":"QUERY","ColumnIndex":null,"ColumnSpan":null,"Confidence":null,"EntityTypes":null,"Geometry":null,"Hint":null,"Id":"5e473df4-b399-4eba-9516-785015f6c098","Page":1,"PageClassification":null,"Query":{"Alias":null,"Pages":null,"Text":"What is the account name/payer/drawer name?"},"Relationships":[{"Type":"ANSWER","Ids":[]}],"RowIndex":null,"RowSpan":null,"SelectionStatus":null,"Text":null,"TextType":null},{"BlockType":"QUERY_RESULT","ColumnIndex":null,"ColumnSpan":null,"Confidence":99.95769500732422,"EntityTypes":null,"Geometry":{"BoundingBox":{"Height":0.03542079031467438,"Left":0.25219789147377014,"Top":0.8816261887550354,"Width":0.1128459945321083},"Polygon":[{"X":0.2522431015968323,"Y":0.8816261887550354},{"X":0.36504387855529785,"Y":0.8818677663803101},{"X":0.3650003671646118,"Y":0.9170469641685486},{"X":0.25219789147377014,"Y":0.9168047308921814}]},"Hint":null,"Id":"c55c14b7-9d22-44f3-9b39-b963f0692fc5","Page":1,"PageClassification":null,"Query":null,"Relationships":null,"RowIndex":null,"RowSpan":null,"SelectionStatus":null,"Text":"247920201","TextType":"PRINTED","SearchKey":"⑆247920201"},{"BlockType":"QUERY","ColumnIndex":null,"ColumnSpan":null,"Confidence":null,"EntityTypes":null,"Geometry":null,"Hint":null,"Id":"650933dc-09b8-44ae-acb3-89455dbbfed7","Page":1,"PageClassification":null,"Query":{"Alias":null,"Pages":null,"Text":"What is the bank routing number?"},"Relationships":[{"Type":"ANSWER","Ids":["c55c14b7-9d22-44f3-9b39-b963f0692fc5"]}],"RowIndex":null,"RowSpan":null,"SelectionStatus":null,"Text":null,"TextType":null},{"Geometry":{"BoundingBox":{"Top":0.008826332166790962,"Left":0.1755577027797699,"Width":0.28116336464881897,"Height":0.14477658085525036},"Polygon":[{"X":0.1755577027797699,"Y":0.008826332166790962},{"X":0.45672106742858887,"Y":0.008826332166790962},{"X":0.45672106742858887,"Y":0.15360291302204132},{"X":0.1755577027797699,"Y":0.15360291302204132}]},"BlockType":"QUERY_RESULT","Page":1,"Id":"be5a44d0-ef48-4522-a10c-26d15d7f2e7e","Text":"United States Treasury","Confidence":1,"SearchKey":"States Treasury TREASURY"},{"BlockType":"QUERY","ColumnIndex":null,"ColumnSpan":null,"Confidence":null,"EntityTypes":null,"Geometry":null,"Hint":null,"Id":"2f2b2075-5346-45ec-9526-ced60e64845d","Page":1,"PageClassification":null,"Query":{"Alias":null,"Pages":null,"Text":"What is the bank name/drawee name?"},"Relationships":[{"Type":"ANSWER","Ids":["be5a44d0-ef48-4522-a10c-26d15d7f2e7e"]}],"RowIndex":null,"RowSpan":null,"SelectionStatus":null,"Text":null,"TextType":null},{"Geometry":{"BoundingBox":{"Top":0.7044113278388977,"Left":0.18820911645889282,"Width":0.2296578586101532,"Height":0.035152554512023926},"Polygon":[{"X":0.18820911645889282,"Y":0.7044113278388977},{"X":0.417866975069046,"Y":0.7044113278388977},{"X":0.417866975069046,"Y":0.7395638823509216},{"X":0.18820911645889282,"Y":0.7395638823509216}]},"BlockType":"QUERY_RESULT","Page":1,"Id":"c24713ef-1634-457b-ac02-a16f1b60d5fc","Text":"ECONOMIC IMPACT PAYMENT","Confidence":1,"SearchKey":"ECONOMIC IMPACT PAYMENT"},{"BlockType":"QUERY","ColumnIndex":null,"ColumnSpan":null,"Confidence":null,"EntityTypes":null,"Geometry":null,"Hint":null,"Id":"bf793747-8f8d-4b43-b257-ecc22961261c","Page":1,"PageClassification":null,"Query":{"Alias":null,"Pages":null,"Text":"What is the memo?"},"Relationships":[{"Type":"ANSWER","Ids":["c24713ef-1634-457b-ac02-a16f1b60d5fc"]}],"RowIndex":null,"RowSpan":null,"SelectionStatus":null,"Text":null,"TextType":null},{"Geometry":{"BoundingBox":{"Top":0.8816261887550354,"Left":0.25219789147377014,"Width":0.4489987790584564,"Height":0.03751575946807861},"Polygon":[{"X":0.25219789147377014,"Y":0.8816261887550354},{"X":0.7011966705322266,"Y":0.8816261887550354},{"X":0.7011966705322266,"Y":0.919141948223114},{"X":0.25219789147377014,"Y":0.919141948223114}]},"BlockType":"QUERY_RESULT","Page":1,"Id":"344c7f89-37f8-411c-940b-3e24978940a6","Text":"⑆247920201 3597154121 1499 44852021321⑆","Confidence":1,"SearchKey":"⑆247920201 3597154121 1499 44852021321⑆"},{"BlockType":"QUERY","ColumnIndex":null,"ColumnSpan":null,"Confidence":null,"EntityTypes":null,"Geometry":null,"Hint":null,"Id":"776d2be0-7a28-428b-9d26-e9d777629a88","Page":1,"PageClassification":null,"Query":{"Alias":null,"Pages":null,"Text":"What is the MICR line?"},"Relationships":[{"Type":"ANSWER","Ids":["344c7f89-37f8-411c-940b-3e24978940a6"]}],"RowIndex":null,"RowSpan":null,"SelectionStatus":null,"Text":null,"TextType":null}]}