{"DocumentMetadata":{"Pages":1},"Blocks":[{"BlockType":"QUERY_RESULT","ColumnIndex":null,"ColumnSpan":null,"Confidence":99,"EntityTypes":null,"Geometry":{"BoundingBox":{"Height":0.013998709619045258,"Left":0.20047278702259064,"Top":0.4438372254371643,"Width":0.11778425425291061},"Polygon":[{"X":0.20047278702259064,"Y":0.44388362765312195},{"X":0.31824246048927307,"Y":0.4438372254371643},{"X":0.31825703382492065,"Y":0.45778971910476685},{"X":0.20048674941062927,"Y":0.45783594250679016}]},"Hint":null,"Id":"907fe055-527a-429f-b700-b563f6686f9f","Page":1,"PageClassification":null,"Query":null,"Relationships":null,"RowIndex":null,"RowSpan":null,"SelectionStatus":null,"Text":"Florinda Gudgel","TextType":null,"SearchKey":"Florinda Gudgel"},{"BlockType":"QUERY","ColumnIndex":null,"ColumnSpan":null,"Confidence":null,"EntityTypes":null,"Geometry":null,"Hint":null,"Id":"309d1c71-a17d-425c-8fed-f4b2339a4a31","Page":1,"PageClassification":null,"Query":{"Alias":null,"Pages":null,"Text":"Who is the payee?"},"Relationships":[{"Type":"ANSWER","Ids":["907fe055-527a-429f-b700-b563f6686f9f"]}],"RowIndex":null,"RowSpan":null,"SelectionStatus":null,"Text":null,"TextType":null},{"BlockType":"QUERY_RESULT","ColumnIndex":null,"ColumnSpan":null,"Confidence":98,"EntityTypes":null,"Geometry":{"BoundingBox":{"Height":0.010933074168860912,"Left":0.5999164581298828,"Top":0.2702224850654602,"Width":0.03612901642918587},"Polygon":[{"X":0.5999164581298828,"Y":0.2702373266220093},{"X":0.63603276014328,"Y":0.2702224850654602},{"X":0.6360454559326172,"Y":0.2811407148838043},{"X":0.5999289751052856,"Y":0.2811555564403534}]},"Hint":null,"Id":"205d2910-2c43-429c-acbf-e8d9fb6395fd","Page":1,"PageClassification":null,"Query":null,"Relationships":null,"RowIndex":null,"RowSpan":null,"SelectionStatus":null,"Text":"2241","TextType":null,"SearchKey":"2241"},{"BlockType":"QUERY","ColumnIndex":null,"ColumnSpan":null,"Confidence":null,"EntityTypes":null,"Geometry":null,"Hint":null,"Id":"8762fd99-f476-466a-b7c4-0dd0900d9e8a","Page":1,"PageClassification":null,"Query":{"Alias":null,"Pages":null,"Text":"What is the check#?"},"Relationships":[{"Type":"ANSWER","Ids":["205d2910-2c43-429c-acbf-e8d9fb6395fd"]}],"RowIndex":null,"RowSpan":null,"SelectionStatus":null,"Text":null,"TextType":null},{"BlockType":"QUERY","ColumnIndex":null,"ColumnSpan":null,"Confidence":null,"EntityTypes":null,"Geometry":null,"Hint":null,"Id":"bc1a3ecb-540a-4da0-b0da-6eeb17d711d7","Page":1,"PageClassification":null,"Query":{"Alias":null,"Pages":null,"Text":"What is the customer name?"},"Relationships":[{"Type":"ANSWER","Ids":[]}],"RowIndex":null,"RowSpan":null,"SelectionStatus":null,"Text":null,"TextType":null},{"Geometry":{"BoundingBox":{"Top":0.5910907983779907,"Left":0.3548123836517334,"Width":0.15641027688980103,"Height":0.011892437934875488},"Polygon":[{"X":0.3548123836517334,"Y":0.5910907983779907},{"X":0.5112226605415344,"Y":0.5910907983779907},{"X":0.5112226605415344,"Y":0.6029832363128662},{"X":0.3548123836517334,"Y":0.6029832363128662}]},"BlockType":"QUERY_RESULT","Page":1,"Id":"29bd7af4-5fcd-40cb-956d-23aa8894b280","Text":"25874123598","Confidence":1,"SearchKey":"25874123598⑉"},{"BlockType":"QUERY","ColumnIndex":null,"ColumnSpan":null,"Confidence":null,"EntityTypes":null,"Geometry":null,"Hint":null,"Id":"e4e6d30c-2873-4b9a-b5ca-ffa8757ddc78","Page":1,"PageClassification":null,"Query":{"Alias":null,"Pages":null,"Text":"What is the customer account#?"},"Relationships":[{"Type":"ANSWER","Ids":["29bd7af4-5fcd-40cb-956d-23aa8894b280"]}],"RowIndex":null,"RowSpan":null,"SelectionStatus":null,"Text":null,"TextType":null},{"BlockType":"QUERY","ColumnIndex":null,"ColumnSpan":null,"Confidence":null,"EntityTypes":null,"Geometry":null,"Hint":null,"Id":"6223d9d9-3bfa-4090-8bed-3dbd6c74275d","Page":1,"PageClassification":null,"Query":{"Alias":null,"Pages":null,"Text":"What is the payee address?"},"Relationships":[{"Type":"ANSWER","Ids":[]}],"RowIndex":null,"RowSpan":null,"SelectionStatus":null,"Text":null,"TextType":null},{"BlockType":"QUERY_RESULT","ColumnIndex":null,"ColumnSpan":null,"Confidence":99,"EntityTypes":null,"Geometry":{"BoundingBox":{"Height":0.010951722040772438,"Left":0.8073660731315613,"Top":0.40842676162719727,"Width":0.08089083433151245},"Polygon":[{"X":0.8073660731315613,"Y":0.4084589183330536},{"X":0.8882431983947754,"Y":0.40842676162719727},{"X":0.8882569074630737,"Y":0.419346421957016},{"X":0.8073794841766357,"Y":0.41937848925590515}]},"Hint":null,"Id":"351a0e36-f2a0-48e8-a305-751f9b34629e","Page":1,"PageClassification":null,"Query":null,"Relationships":null,"RowIndex":null,"RowSpan":null,"SelectionStatus":null,"Text":"08/01/2021","TextType":null,"SearchKey":"08/01/2021"},{"BlockType":"QUERY","ColumnIndex":null,"ColumnSpan":null,"Confidence":null,"EntityTypes":null,"Geometry":null,"Hint":null,"Id":"dcdeaa95-ceaf-461e-9133-01f9beea38e1","Page":1,"PageClassification":null,"Query":{"Alias":null,"Pages":null,"Text":"What is the date?"},"Relationships":[{"Type":"ANSWER","Ids":["351a0e36-f2a0-48e8-a305-751f9b34629e"]}],"RowIndex":null,"RowSpan":null,"SelectionStatus":null,"Text":null,"TextType":null},{"BlockType":"QUERY_RESULT","ColumnIndex":null,"ColumnSpan":null,"Confidence":98,"EntityTypes":null,"Geometry":{"BoundingBox":{"Height":0.014716767705976963,"Left":0.20678235590457916,"Top":0.4722350537776947,"Width":0.4028055667877197},"Polygon":[{"X":0.20678235590457916,"Y":0.47239255905151367},{"X":0.609571099281311,"Y":0.4722350537776947},{"X":0.6095879077911377,"Y":0.48679491877555847},{"X":0.20679695904254913,"Y":0.4869518280029297}]},"Hint":null,"Id":"bdd6abf8-83da-426b-b16a-6e979a4968b4","Page":1,"PageClassification":null,"Query":null,"Relationships":null,"RowIndex":null,"RowSpan":null,"SelectionStatus":null,"Text":"Twenty Four Thousand Three Hundred And Forty Only","TextType":null,"SearchKey":"Twenty Four Thousand Three Hundred And Forty Only"},{"BlockType":"QUERY","ColumnIndex":null,"ColumnSpan":null,"Confidence":null,"EntityTypes":null,"Geometry":null,"Hint":null,"Id":"708bf5d2-87e2-4eee-8aa7-6a53e77298ae","Page":1,"PageClassification":null,"Query":{"Alias":null,"Pages":null,"Text":"What is the check amount in words?"},"Relationships":[{"Type":"ANSWER","Ids":["bdd6abf8-83da-426b-b16a-6e979a4968b4"]}],"RowIndex":null,"RowSpan":null,"SelectionStatus":null,"Text":null,"TextType":null},{"BlockType":"QUERY_RESULT","ColumnIndex":null,"ColumnSpan":null,"Confidence":63,"EntityTypes":null,"Geometry":{"BoundingBox":{"Height":0.01703369803726673,"Left":0.7210962176322937,"Top":0.4939848482608795,"Width":0.12016112357378006},"Polygon":[{"X":0.7210962176322937,"Y":0.49403154850006104},{"X":0.8412362933158875,"Y":0.4939848482608795},{"X":0.8412573337554932,"Y":0.5109720230102539},{"X":0.7211165428161621,"Y":0.5110185742378235}]},"Hint":null,"Id":"690cad8d-e166-44ec-9022-4efebb696540","Page":1,"PageClassification":null,"Query":null,"Relationships":null,"RowIndex":null,"RowSpan":null,"SelectionStatus":null,"Text":"$24,340.00","TextType":null,"SearchKey":"$24,340.00"},{"BlockType":"QUERY","ColumnIndex":null,"ColumnSpan":null,"Confidence":null,"EntityTypes":null,"Geometry":null,"Hint":null,"Id":"f8e1d528-d014-4484-90b4-a79bbd653bd3","Page":1,"PageClassification":null,"Query":{"Alias":null,"Pages":null,"Text":"What is the dollar amount?"},"Relationships":[{"Type":"ANSWER","Ids":["690cad8d-e166-44ec-9022-4efebb696540"]}],"RowIndex":null,"RowSpan":null,"SelectionStatus":null,"Text":null,"TextType":null},{"BlockType":"QUERY","ColumnIndex":null,"ColumnSpan":null,"Confidence":null,"EntityTypes":null,"Geometry":null,"Hint":null,"Id":"9a408634-5946-4cce-8188-d740d8b36439","Page":1,"PageClassification":null,"Query":{"Alias":null,"Pages":null,"Text":"What is the account name/payer/drawer name?"},"Relationships":[{"Type":"ANSWER","Ids":[]}],"RowIndex":null,"RowSpan":null,"SelectionStatus":null,"Text":null,"TextType":null},{"Geometry":{"BoundingBox":{"Top":0.5907508730888367,"Left":0.18948166072368622,"Width":0.14736805856227875,"Height":0.012228608131408691},"Polygon":[{"X":0.18948166072368622,"Y":0.5907508730888367},{"X":0.33684971928596497,"Y":0.5907508730888367},{"X":0.33684971928596497,"Y":0.6029794812202454},{"X":0.18948166072368622,"Y":0.6029794812202454}]},"BlockType":"QUERY_RESULT","Page":1,"Id":"2b9125db-d1f5-4f29-ae35-9c34e34412a5","Text":"147852145","Confidence":1,"SearchKey":"⑆147852145⑆"},{"BlockType":"QUERY","ColumnIndex":null,"ColumnSpan":null,"Confidence":null,"EntityTypes":null,"Geometry":null,"Hint":null,"Id":"1dea1e5b-aa18-4128-9917-3ce3ae633049","Page":1,"PageClassification":null,"Query":{"Alias":null,"Pages":null,"Text":"What is the bank routing number?"},"Relationships":[{"Type":"ANSWER","Ids":["2b9125db-d1f5-4f29-ae35-9c34e34412a5"]}],"RowIndex":null,"RowSpan":null,"SelectionStatus":null,"Text":null,"TextType":null},{"BlockType":"QUERY_RESULT","ColumnIndex":null,"ColumnSpan":null,"Confidence":97,"EntityTypes":null,"Geometry":{"BoundingBox":{"Height":0.014718796126544476,"Left":0.166619211435318,"Top":0.3491070568561554,"Width":0.3988576829433441},"Polygon":[{"X":0.166619211435318,"Y":0.34926798939704895},{"X":0.5654603242874146,"Y":0.3491070568561554},{"X":0.5654768943786621,"Y":0.36366549134254456},{"X":0.16663359105587006,"Y":0.36382582783699036}]},"Hint":null,"Id":"afa021d6-b3bc-48ed-918a-00d218a07741","Page":1,"PageClassification":null,"Query":null,"Relationships":null,"RowIndex":null,"RowSpan":null,"SelectionStatus":null,"Text":"BANGLADESH COMMERCE BANK LTD","TextType":null,"SearchKey":"BANGLADESH COMMERCE BANK LTD"},{"BlockType":"QUERY","ColumnIndex":null,"ColumnSpan":null,"Confidence":null,"EntityTypes":null,"Geometry":null,"Hint":null,"Id":"f28a8416-b3ef-45ce-b19e-f20656873ef3","Page":1,"PageClassification":null,"Query":{"Alias":null,"Pages":null,"Text":"What is the bank name/drawee name?"},"Relationships":[{"Type":"ANSWER","Ids":["afa021d6-b3bc-48ed-918a-00d218a07741"]}],"RowIndex":null,"RowSpan":null,"SelectionStatus":null,"Text":null,"TextType":null},{"BlockType":"QUERY","ColumnIndex":null,"ColumnSpan":null,"Confidence":null,"EntityTypes":null,"Geometry":null,"Hint":null,"Id":"1d2d3b2f-87ef-44b0-accd-ecdf8ee8a19a","Page":1,"PageClassification":null,"Query":{"Alias":null,"Pages":null,"Text":"What is the memo?"},"Relationships":[{"Type":"ANSWER","Ids":[]}],"RowIndex":null,"RowSpan":null,"SelectionStatus":null,"Text":null,"TextType":null},{"Geometry":{"BoundingBox":{"Top":0.5907448530197144,"Left":0.18948166072368622,"Width":0.5780777484178543,"Height":0.012238383293151855},"Polygon":[{"X":0.18948166072368622,"Y":0.5907448530197144},{"X":0.7675594091415405,"Y":0.5907448530197144},{"X":0.7675594091415405,"Y":0.6029832363128662},{"X":0.18948166072368622,"Y":0.6029832363128662}]},"BlockType":"QUERY_RESULT","Page":1,"Id":"49d7018d-4601-4c57-b643-7865a70a9c67","Text":"⑆147852145⑆ 25874123598⑉ 2241 ⑇12457858214⑆","Confidence":1,"SearchKey":"⑆147852145⑆ 25874123598⑉ 2241 ⑇12457858214⑆"},{"BlockType":"QUERY","ColumnIndex":null,"ColumnSpan":null,"Confidence":null,"EntityTypes":null,"Geometry":null,"Hint":null,"Id":"e32c261d-1fce-4aaa-bfe7-6307e660a07b","Page":1,"PageClassification":null,"Query":{"Alias":null,"Pages":null,"Text":"What is the MICR line?"},"Relationships":[{"Type":"ANSWER","Ids":["49d7018d-4601-4c57-b643-7865a70a9c67"]}],"RowIndex":null,"RowSpan":null,"SelectionStatus":null,"Text":null,"TextType":null}]}