{"DocumentMetadata":{"Pages":1},"Blocks":[{"BlockType":"QUERY_RESULT","ColumnIndex":null,"ColumnSpan":null,"Confidence":89,"EntityTypes":null,"Geometry":{"BoundingBox":{"Height":0.03628113493323326,"Left":0.2790670692920685,"Top":0.44835641980171204,"Width":0.11780723184347153},"Polygon":[{"X":0.2790791988372803,"Y":0.4483746290206909},{"X":0.3968743085861206,"Y":0.44835641980171204},{"X":0.3968631327152252,"Y":0.4846210181713104},{"X":0.2790670692920685,"Y":0.4846375584602356}]},"Hint":null,"Id":"7db0b82a-7dd2-4c38-b295-772bc28017c8","Page":1,"PageClassification":null,"Query":null,"Relationships":null,"RowIndex":null,"RowSpan":null,"SelectionStatus":null,"Text":"Rosenda Graleski","TextType":null,"SearchKey":"Rosenda Graleski"},{"BlockType":"QUERY","ColumnIndex":null,"ColumnSpan":null,"Confidence":null,"EntityTypes":null,"Geometry":null,"Hint":null,"Id":"0998c3d3-42a1-4aef-833d-c737be62a7d7","Page":1,"PageClassification":null,"Query":{"Alias":null,"Pages":null,"Text":"Who is the payee?"},"Relationships":[{"Type":"ANSWER","Ids":["7db0b82a-7dd2-4c38-b295-772bc28017c8"]}],"RowIndex":null,"RowSpan":null,"SelectionStatus":null,"Text":null,"TextType":null},{"BlockType":"QUERY_RESULT","ColumnIndex":null,"ColumnSpan":null,"Confidence":99,"EntityTypes":null,"Geometry":{"BoundingBox":{"Height":0.030549241229891777,"Left":0.9171364307403564,"Top":0.12184625118970871,"Width":0.03187478706240654},"Polygon":[{"X":0.9171422123908997,"Y":0.12185521423816681},{"X":0.9490112066268921,"Y":0.12184625118970871},{"X":0.9490055441856384,"Y":0.15238690376281738},{"X":0.9171364307403564,"Y":0.15239548683166504}]},"Hint":null,"Id":"196e918b-2ad9-4f44-905e-a9ff6c798aca","Page":1,"PageClassification":null,"Query":null,"Relationships":null,"RowIndex":null,"RowSpan":null,"SelectionStatus":null,"Text":"4113","TextType":null,"SearchKey":"4113"},{"BlockType":"QUERY","ColumnIndex":null,"ColumnSpan":null,"Confidence":null,"EntityTypes":null,"Geometry":null,"Hint":null,"Id":"38d9515e-a4c9-42a2-9bc7-d3a58eb0c05c","Page":1,"PageClassification":null,"Query":{"Alias":null,"Pages":null,"Text":"What is the check#?"},"Relationships":[{"Type":"ANSWER","Ids":["196e918b-2ad9-4f44-905e-a9ff6c798aca"]}],"RowIndex":null,"RowSpan":null,"SelectionStatus":null,"Text":null,"TextType":null},{"BlockType":"QUERY","ColumnIndex":null,"ColumnSpan":null,"Confidence":null,"EntityTypes":null,"Geometry":null,"Hint":null,"Id":"6f68562e-3843-425f-b2dd-5199707b363b","Page":1,"PageClassification":null,"Query":{"Alias":null,"Pages":null,"Text":"What is the customer name?"},"Relationships":[{"Type":"ANSWER","Ids":[]}],"RowIndex":null,"RowSpan":null,"SelectionStatus":null,"Text":null,"TextType":null},{"Geometry":{"BoundingBox":{"Top":0.8852679133415222,"Left":0.37448012828826904,"Width":0.12443733215332031,"Height":0.03358805179595947},"Polygon":[{"X":0.37448012828826904,"Y":0.8852679133415222},{"X":0.49891746044158936,"Y":0.8852679133415222},{"X":0.49891746044158936,"Y":0.9188559651374817},{"X":0.37448012828826904,"Y":0.9188559651374817}]},"BlockType":"QUERY_RESULT","Page":1,"Id":"d1b3fd32-c75c-41ec-969e-4e9ef259b640","Text":"78935454121","Confidence":1,"SearchKey":"78935454121"},{"BlockType":"QUERY","ColumnIndex":null,"ColumnSpan":null,"Confidence":null,"EntityTypes":null,"Geometry":null,"Hint":null,"Id":"ac03881b-91ac-465b-a4aa-ac3f8cf26c79","Page":1,"PageClassification":null,"Query":{"Alias":null,"Pages":null,"Text":"What is the customer account#?"},"Relationships":[{"Type":"ANSWER","Ids":["d1b3fd32-c75c-41ec-969e-4e9ef259b640"]}],"RowIndex":null,"RowSpan":null,"SelectionStatus":null,"Text":null,"TextType":null},{"BlockType":"QUERY_RESULT","ColumnIndex":null,"ColumnSpan":null,"Confidence":97,"EntityTypes":null,"Geometry":{"BoundingBox":{"Height":0.09736143052577972,"Left":0.2790288031101227,"Top":0.5017945170402527,"Width":0.15265147387981415},"Polygon":[{"X":0.27906131744384766,"Y":0.5018149614334106},{"X":0.431680291891098,"Y":0.5017945170402527},{"X":0.4316510856151581,"Y":0.5991413593292236},{"X":0.2790288031101227,"Y":0.5991559624671936}]},"Hint":null,"Id":"7d6eecfd-6a4c-4a53-92db-8682443f39f3","Page":1,"PageClassification":null,"Query":null,"Relationships":null,"RowIndex":null,"RowSpan":null,"SelectionStatus":null,"Text":"2041 Douglas Avenue, Brewton AL 36426","TextType":null,"SearchKey":"2041 Douglas Avenue, Brewton AL 36426"},{"BlockType":"QUERY","ColumnIndex":null,"ColumnSpan":null,"Confidence":null,"EntityTypes":null,"Geometry":null,"Hint":null,"Id":"3a8cee1f-7940-4ae6-b03d-3c2822145ad6","Page":1,"PageClassification":null,"Query":{"Alias":null,"Pages":null,"Text":"What is the payee address?"},"Relationships":[{"Type":"ANSWER","Ids":["7d6eecfd-6a4c-4a53-92db-8682443f39f3"]}],"RowIndex":null,"RowSpan":null,"SelectionStatus":null,"Text":null,"TextType":null},{"BlockType":"QUERY_RESULT","ColumnIndex":null,"ColumnSpan":null,"Confidence":95,"EntityTypes":null,"Geometry":{"BoundingBox":{"Height":0.03246891871094704,"Left":0.32952895760536194,"Top":0.18878640234470367,"Width":0.10298603773117065},"Polygon":[{"X":0.3295394480228424,"Y":0.18881270289421082},{"X":0.4325149953365326,"Y":0.18878640234470367},{"X":0.4325052797794342,"Y":0.22123031318187714},{"X":0.32952895760536194,"Y":0.2212553173303604}]},"Hint":null,"Id":"bd3fda94-e611-4c28-a643-3fd015d4d0d2","Page":1,"PageClassification":null,"Query":null,"Relationships":null,"RowIndex":null,"RowSpan":null,"SelectionStatus":null,"Text":"17 01 21","TextType":null,"SearchKey":"17 01 21"},{"BlockType":"QUERY","ColumnIndex":null,"ColumnSpan":null,"Confidence":null,"EntityTypes":null,"Geometry":null,"Hint":null,"Id":"83119be0-b029-4f1d-ab62-dcccfc7ab587","Page":1,"PageClassification":null,"Query":{"Alias":null,"Pages":null,"Text":"What is the date?"},"Relationships":[{"Type":"ANSWER","Ids":["bd3fda94-e611-4c28-a643-3fd015d4d0d2"]}],"RowIndex":null,"RowSpan":null,"SelectionStatus":null,"Text":null,"TextType":null},{"BlockType":"QUERY_RESULT","ColumnIndex":null,"ColumnSpan":null,"Confidence":83,"EntityTypes":null,"Geometry":{"BoundingBox":{"Height":0.0439961738884449,"Left":0.5339995622634888,"Top":0.20774656534194946,"Width":0.40017271041870117},"Polygon":[{"X":0.534011721611023,"Y":0.20784582197666168},{"X":0.9341722726821899,"Y":0.20774656534194946},{"X":0.9341640472412109,"Y":0.251650333404541},{"X":0.5339995622634888,"Y":0.25174275040626526}]},"Hint":null,"Id":"d6708cde-4dac-48ce-88f1-298ffc3065e4","Page":1,"PageClassification":null,"Query":null,"Relationships":null,"RowIndex":null,"RowSpan":null,"SelectionStatus":null,"Text":"Sixty-five thousand five hundred only 00/100 Dollars Only","TextType":null,"SearchKey":"Sixty-five thousand five hundred only 00/100 Dollars Only"},{"BlockType":"QUERY","ColumnIndex":null,"ColumnSpan":null,"Confidence":null,"EntityTypes":null,"Geometry":null,"Hint":null,"Id":"163e3316-b1bf-40a8-b31b-0865eac0d72d","Page":1,"PageClassification":null,"Query":{"Alias":null,"Pages":null,"Text":"What is the check amount in words?"},"Relationships":[{"Type":"ANSWER","Ids":["d6708cde-4dac-48ce-88f1-298ffc3065e4"]}],"RowIndex":null,"RowSpan":null,"SelectionStatus":null,"Text":null,"TextType":null},{"BlockType":"QUERY_RESULT","ColumnIndex":null,"ColumnSpan":null,"Confidence":80,"EntityTypes":null,"Geometry":{"BoundingBox":{"Height":0.04391997307538986,"Left":0.803680956363678,"Top":0.417736291885376,"Width":0.08598149567842484},"Polygon":[{"X":0.8036904335021973,"Y":0.41775059700012207},{"X":0.8896624445915222,"Y":0.417736291885376},{"X":0.889653742313385,"Y":0.46164342761039734},{"X":0.803680956363678,"Y":0.46165627241134644}]},"Hint":null,"Id":"ac02cbd3-6aba-40a0-a18b-6a9a28009f23","Page":1,"PageClassification":null,"Query":null,"Relationships":null,"RowIndex":null,"RowSpan":null,"SelectionStatus":null,"Text":"$ 65 500.00","TextType":null,"SearchKey":"$ 65 500.00"},{"BlockType":"QUERY","ColumnIndex":null,"ColumnSpan":null,"Confidence":null,"EntityTypes":null,"Geometry":null,"Hint":null,"Id":"0c71458b-af94-4c94-95a6-973508a20074","Page":1,"PageClassification":null,"Query":{"Alias":null,"Pages":null,"Text":"What is the dollar amount?"},"Relationships":[{"Type":"ANSWER","Ids":["ac02cbd3-6aba-40a0-a18b-6a9a28009f23"]}],"RowIndex":null,"RowSpan":null,"SelectionStatus":null,"Text":null,"TextType":null},{"BlockType":"QUERY","ColumnIndex":null,"ColumnSpan":null,"Confidence":null,"EntityTypes":null,"Geometry":null,"Hint":null,"Id":"2854318b-abca-4f38-b371-7b39fe25602c","Page":1,"PageClassification":null,"Query":{"Alias":null,"Pages":null,"Text":"What is the account name/payer/drawer name?"},"Relationships":[{"Type":"ANSWER","Ids":[]}],"RowIndex":null,"RowSpan":null,"SelectionStatus":null,"Text":null,"TextType":null},{"Geometry":{"BoundingBox":{"Top":0.88539719581604,"Left":0.24626918137073517,"Width":0.11434702575206757,"Height":0.03375446796417236},"Polygon":[{"X":0.24626918137073517,"Y":0.88539719581604},{"X":0.36061620712280273,"Y":0.88539719581604},{"X":0.36061620712280273,"Y":0.9191516637802124},{"X":0.24626918137073517,"Y":0.9191516637802124}]},"BlockType":"QUERY_RESULT","Page":1,"Id":"776a860f-eb01-4afc-90d1-7177e24c351f","Text":"⑆772312330","Confidence":1,"SearchKey":"⑆772312330"},{"BlockType":"QUERY","ColumnIndex":null,"ColumnSpan":null,"Confidence":null,"EntityTypes":null,"Geometry":null,"Hint":null,"Id":"a0608a5d-e726-402c-837f-318ea481ac55","Page":1,"PageClassification":null,"Query":{"Alias":null,"Pages":null,"Text":"What is the bank routing number?"},"Relationships":[{"Type":"ANSWER","Ids":["776a860f-eb01-4afc-90d1-7177e24c351f"]}],"RowIndex":null,"RowSpan":null,"SelectionStatus":null,"Text":null,"TextType":null},{"BlockType":"QUERY","ColumnIndex":null,"ColumnSpan":null,"Confidence":null,"EntityTypes":null,"Geometry":null,"Hint":null,"Id":"ac3604a7-22ae-4560-9b5b-a1e6c66604a2","Page":1,"PageClassification":null,"Query":{"Alias":null,"Pages":null,"Text":"What is the bank name/drawee name?"},"Relationships":[{"Type":"ANSWER","Ids":[]}],"RowIndex":null,"RowSpan":null,"SelectionStatus":null,"Text":null,"TextType":null},{"Geometry":{"BoundingBox":{"Top":0.7065649032592773,"Left":0.18818533420562744,"Width":0.22949981689453125,"Height":0.03409510850906372},"Polygon":[{"X":0.18818533420562744,"Y":0.7065649032592773},{"X":0.4176851511001587,"Y":0.7065649032592773},{"X":0.4176851511001587,"Y":0.7406600117683411},{"X":0.18818533420562744,"Y":0.7406600117683411}]},"BlockType":"QUERY_RESULT","Page":1,"Id":"cbf01dff-823b-4d01-ab60-f8e94997a01a","Text":"ECONOMIC IMPACT PAYMENT","Confidence":1,"SearchKey":"ECONOMIC IMPACT PAYMENT"},{"BlockType":"QUERY","ColumnIndex":null,"ColumnSpan":null,"Confidence":null,"EntityTypes":null,"Geometry":null,"Hint":null,"Id":"46bfd972-c6fa-4681-92f6-5e80cd895fa4","Page":1,"PageClassification":null,"Query":{"Alias":null,"Pages":null,"Text":"What is the memo?"},"Relationships":[{"Type":"ANSWER","Ids":["cbf01dff-823b-4d01-ab60-f8e94997a01a"]}],"RowIndex":null,"RowSpan":null,"SelectionStatus":null,"Text":null,"TextType":null},{"Geometry":{"BoundingBox":{"Top":0.8847364783287048,"Left":0.24626918137073517,"Width":0.4608906954526901,"Height":0.03441518545150757},"Polygon":[{"X":0.24626918137073517,"Y":0.8847364783287048},{"X":0.7071598768234253,"Y":0.8847364783287048},{"X":0.7071598768234253,"Y":0.9191516637802124},{"X":0.24626918137073517,"Y":0.9191516637802124}]},"BlockType":"QUERY_RESULT","Page":1,"Id":"ec5415c1-85b4-4bf6-ae1f-ce18bfc0b481","Text":"⑆772312330 78935454121 4113 42389021321⑆","Confidence":1,"SearchKey":"⑆772312330 78935454121 4113 42389021321⑆"},{"BlockType":"QUERY","ColumnIndex":null,"ColumnSpan":null,"Confidence":null,"EntityTypes":null,"Geometry":null,"Hint":null,"Id":"e2339903-3603-4e73-9940-6eb50d1c9fce","Page":1,"PageClassification":null,"Query":{"Alias":null,"Pages":null,"Text":"What is the MICR line?"},"Relationships":[{"Type":"ANSWER","Ids":["ec5415c1-85b4-4bf6-ae1f-ce18bfc0b481"]}],"RowIndex":null,"RowSpan":null,"SelectionStatus":null,"Text":null,"TextType":null}]}