{"DocumentMetadata":{"Pages":1},"Blocks":[{"BlockType":"QUERY_RESULT","ColumnIndex":null,"ColumnSpan":null,"Confidence":98,"EntityTypes":null,"Geometry":{"BoundingBox":{"Height":0.01159488782286644,"Left":0.18494074046611786,"Top":0.4466819167137146,"Width":0.13009247183799744},"Polygon":[{"X":0.18494074046611786,"Y":0.44676896929740906},{"X":0.31501591205596924,"Y":0.4466819167137146},{"X":0.3150332272052765,"Y":0.4581899642944336},{"X":0.18495744466781616,"Y":0.45827680826187134}]},"Hint":null,"Id":"d54417f0-64fb-4273-8d22-b44db4f8ef36","Page":1,"PageClassification":null,"Query":null,"Relationships":null,"RowIndex":null,"RowSpan":null,"SelectionStatus":null,"Text":"Nenita Mckenna","TextType":null,"SearchKey":"Nenita Mckenna"},{"BlockType":"QUERY","ColumnIndex":null,"ColumnSpan":null,"Confidence":null,"EntityTypes":null,"Geometry":null,"Hint":null,"Id":"3f3d6df7-4c31-4a7d-a8f1-8df1663dbcc7","Page":1,"PageClassification":null,"Query":{"Alias":null,"Pages":null,"Text":"Who is the payee?"},"Relationships":[{"Type":"ANSWER","Ids":["d54417f0-64fb-4273-8d22-b44db4f8ef36"]}],"RowIndex":null,"RowSpan":null,"SelectionStatus":null,"Text":null,"TextType":null},{"BlockType":"QUERY_RESULT","ColumnIndex":null,"ColumnSpan":null,"Confidence":98,"EntityTypes":null,"Geometry":{"BoundingBox":{"Height":0.010526224039494991,"Left":0.5966516137123108,"Top":0.9027347564697266,"Width":0.035665012896060944},"Polygon":[{"X":0.5966516137123108,"Y":0.9027562737464905},{"X":0.6322994828224182,"Y":0.9027347564697266},{"X":0.6323166489601135,"Y":0.9132395386695862},{"X":0.5966686606407166,"Y":0.9132609963417053}]},"Hint":null,"Id":"e6a4a808-9efc-4f6c-8602-6d6a76fc818a","Page":1,"PageClassification":null,"Query":null,"Relationships":null,"RowIndex":null,"RowSpan":null,"SelectionStatus":null,"Text":"1588","TextType":null,"SearchKey":"1588"},{"BlockType":"QUERY","ColumnIndex":null,"ColumnSpan":null,"Confidence":null,"EntityTypes":null,"Geometry":null,"Hint":null,"Id":"ba2d8f18-5fdd-459a-a3a0-1a868e99a250","Page":1,"PageClassification":null,"Query":{"Alias":null,"Pages":null,"Text":"What is the check#?"},"Relationships":[{"Type":"ANSWER","Ids":["e6a4a808-9efc-4f6c-8602-6d6a76fc818a"]}],"RowIndex":null,"RowSpan":null,"SelectionStatus":null,"Text":null,"TextType":null},{"BlockType":"QUERY","ColumnIndex":null,"ColumnSpan":null,"Confidence":null,"EntityTypes":null,"Geometry":null,"Hint":null,"Id":"0e8ae374-8bf8-47f5-8d78-3c598eda9c67","Page":1,"PageClassification":null,"Query":{"Alias":null,"Pages":null,"Text":"What is the customer name?"},"Relationships":[{"Type":"ANSWER","Ids":[]}],"RowIndex":null,"RowSpan":null,"SelectionStatus":null,"Text":null,"TextType":null},{"BlockType":"QUERY_RESULT","ColumnIndex":null,"ColumnSpan":null,"Confidence":87,"EntityTypes":null,"Geometry":{"BoundingBox":{"Height":0.011622169055044651,"Left":0.592654824256897,"Top":0.5905510783195496,"Width":0.17322362959384918},"Polygon":[{"X":0.592654824256897,"Y":0.5906633734703064},{"X":0.7658590078353882,"Y":0.5905510783195496},{"X":0.7658784985542297,"Y":0.6020612120628357},{"X":0.5926734805107117,"Y":0.6021732687950134}]},"Hint":null,"Id":"8953b31d-a512-400a-8aee-f87de48e94ad","Page":1,"PageClassification":null,"Query":null,"Relationships":null,"RowIndex":null,"RowSpan":null,"SelectionStatus":null,"Text":"25488744142","TextType":null,"SearchKey":"25488744142"},{"BlockType":"QUERY","ColumnIndex":null,"ColumnSpan":null,"Confidence":null,"EntityTypes":null,"Geometry":null,"Hint":null,"Id":"8fe5a05d-74f4-43d6-a295-07b93927bba2","Page":1,"PageClassification":null,"Query":{"Alias":null,"Pages":null,"Text":"What is the customer account#?"},"Relationships":[{"Type":"ANSWER","Ids":["8953b31d-a512-400a-8aee-f87de48e94ad"]}],"RowIndex":null,"RowSpan":null,"SelectionStatus":null,"Text":null,"TextType":null},{"BlockType":"QUERY","ColumnIndex":null,"ColumnSpan":null,"Confidence":null,"EntityTypes":null,"Geometry":null,"Hint":null,"Id":"6ce19bae-f399-400e-a4ea-b33d76d067b4","Page":1,"PageClassification":null,"Query":{"Alias":null,"Pages":null,"Text":"What is the payee address?"},"Relationships":[{"Type":"ANSWER","Ids":[]}],"RowIndex":null,"RowSpan":null,"SelectionStatus":null,"Text":null,"TextType":null},{"BlockType":"QUERY_RESULT","ColumnIndex":null,"ColumnSpan":null,"Confidence":99,"EntityTypes":null,"Geometry":{"BoundingBox":{"Height":0.013994328677654266,"Left":0.7686007022857666,"Top":0.35788217186927795,"Width":0.09328266233205795},"Polygon":[{"X":0.7686007022857666,"Y":0.3579457700252533},{"X":0.8618593215942383,"Y":0.35788217186927795},{"X":0.8618834018707275,"Y":0.3718130588531494},{"X":0.7686243057250977,"Y":0.37187647819519043}]},"Hint":null,"Id":"5e21f7fa-e8f2-4e10-8881-469f014768ee","Page":1,"PageClassification":null,"Query":null,"Relationships":null,"RowIndex":null,"RowSpan":null,"SelectionStatus":null,"Text":"10/01/2021","TextType":null,"SearchKey":"10/01/2021"},{"BlockType":"QUERY","ColumnIndex":null,"ColumnSpan":null,"Confidence":null,"EntityTypes":null,"Geometry":null,"Hint":null,"Id":"352cceb3-ef45-4b41-bf46-4a6fba371c1d","Page":1,"PageClassification":null,"Query":{"Alias":null,"Pages":null,"Text":"What is the date?"},"Relationships":[{"Type":"ANSWER","Ids":["5e21f7fa-e8f2-4e10-8881-469f014768ee"]}],"RowIndex":null,"RowSpan":null,"SelectionStatus":null,"Text":null,"TextType":null},{"BlockType":"QUERY_RESULT","ColumnIndex":null,"ColumnSpan":null,"Confidence":79,"EntityTypes":null,"Geometry":{"BoundingBox":{"Height":0.014800572767853737,"Left":0.1332705169916153,"Top":0.478034645318985,"Width":0.39731550216674805},"Polygon":[{"X":0.1332705169916153,"Y":0.47829872369766235},{"X":0.5305628776550293,"Y":0.478034645318985},{"X":0.5305860042572021,"Y":0.49257197976112366},{"X":0.1332913041114807,"Y":0.49283522367477417}]},"Hint":null,"Id":"efb18f3f-eafd-49e8-9226-104e03489044","Page":1,"PageClassification":null,"Query":null,"Relationships":null,"RowIndex":null,"RowSpan":null,"SelectionStatus":null,"Text":"Twenty Six Thousand One Hundred And Fifty Only","TextType":null,"SearchKey":"Twenty Six Thousand One Hundred And Fifty Only"},{"BlockType":"QUERY","ColumnIndex":null,"ColumnSpan":null,"Confidence":null,"EntityTypes":null,"Geometry":null,"Hint":null,"Id":"3e90114a-73f6-4305-ad7c-c1714fe25ae7","Page":1,"PageClassification":null,"Query":{"Alias":null,"Pages":null,"Text":"What is the check amount in words?"},"Relationships":[{"Type":"ANSWER","Ids":["efb18f3f-eafd-49e8-9226-104e03489044"]}],"RowIndex":null,"RowSpan":null,"SelectionStatus":null,"Text":null,"TextType":null},{"BlockType":"QUERY_RESULT","ColumnIndex":null,"ColumnSpan":null,"Confidence":45,"EntityTypes":null,"Geometry":{"BoundingBox":{"Height":0.013993627391755581,"Left":0.7765944600105286,"Top":0.45055124163627625,"Width":0.09250274300575256},"Polygon":[{"X":0.7765944600105286,"Y":0.4506130814552307},{"X":0.8690730929374695,"Y":0.45055124163627625},{"X":0.8690972328186035,"Y":0.46448320150375366},{"X":0.7766180634498596,"Y":0.4645448625087738}]},"Hint":null,"Id":"3f815a21-2f59-4831-980c-daa09515ae63","Page":1,"PageClassification":null,"Query":null,"Relationships":null,"RowIndex":null,"RowSpan":null,"SelectionStatus":null,"Text":"$26,150.00","TextType":null,"SearchKey":"$26,150.00"},{"BlockType":"QUERY","ColumnIndex":null,"ColumnSpan":null,"Confidence":null,"EntityTypes":null,"Geometry":null,"Hint":null,"Id":"335ec25f-d884-4f80-b7e1-5316a3d8475b","Page":1,"PageClassification":null,"Query":{"Alias":null,"Pages":null,"Text":"What is the dollar amount?"},"Relationships":[{"Type":"ANSWER","Ids":["3f815a21-2f59-4831-980c-daa09515ae63"]}],"RowIndex":null,"RowSpan":null,"SelectionStatus":null,"Text":null,"TextType":null},{"BlockType":"QUERY","ColumnIndex":null,"ColumnSpan":null,"Confidence":null,"EntityTypes":null,"Geometry":null,"Hint":null,"Id":"7bfd8ad6-9b87-44cb-981e-4960e84ba212","Page":1,"PageClassification":null,"Query":{"Alias":null,"Pages":null,"Text":"What is the account name/payer/drawer name?"},"Relationships":[{"Type":"ANSWER","Ids":[]}],"RowIndex":null,"RowSpan":null,"SelectionStatus":null,"Text":null,"TextType":null},{"BlockType":"QUERY_RESULT","ColumnIndex":null,"ColumnSpan":null,"Confidence":58,"EntityTypes":null,"Geometry":{"BoundingBox":{"Height":0.011716081760823727,"Left":0.35157522559165955,"Top":0.5908952951431274,"Width":0.16061893105506897},"Polygon":[{"X":0.35157522559165955,"Y":0.5909993648529053},{"X":0.5121757388114929,"Y":0.5908952951431274},{"X":0.5121941566467285,"Y":0.6025075316429138},{"X":0.35159286856651306,"Y":0.6026113629341125}]},"Hint":null,"Id":"1534e630-1bcc-4209-9bd7-226bcb2c2842","Page":1,"PageClassification":null,"Query":null,"Relationships":null,"RowIndex":null,"RowSpan":null,"SelectionStatus":null,"Text":"89021142523","TextType":null,"SearchKey":"89021142523"},{"BlockType":"QUERY","ColumnIndex":null,"ColumnSpan":null,"Confidence":null,"EntityTypes":null,"Geometry":null,"Hint":null,"Id":"7f9bb980-1196-4a87-9cf8-fa9a45f78bce","Page":1,"PageClassification":null,"Query":{"Alias":null,"Pages":null,"Text":"What is the bank routing number?"},"Relationships":[{"Type":"ANSWER","Ids":["1534e630-1bcc-4209-9bd7-226bcb2c2842"]}],"RowIndex":null,"RowSpan":null,"SelectionStatus":null,"Text":null,"TextType":null},{"Geometry":{"BoundingBox":{"Top":0.35402488708496094,"Left":0.12655757367610931,"Width":0.20598740875720978,"Height":0.025334328413009644},"Polygon":[{"X":0.12655757367610931,"Y":0.35402488708496094},{"X":0.3325449824333191,"Y":0.35402488708496094},{"X":0.3325449824333191,"Y":0.3793592154979706},{"X":0.12655757367610931,"Y":0.3793592154979706}]},"BlockType":"QUERY_RESULT","Page":1,"Id":"24d08bc7-546e-438c-82c6-29044d741fd9","Text":"Capital Communications Federal Credit Union","Confidence":1,"SearchKey":"Capital Communications Federal Credit Union"},{"BlockType":"QUERY","ColumnIndex":null,"ColumnSpan":null,"Confidence":null,"EntityTypes":null,"Geometry":null,"Hint":null,"Id":"3b79d288-564d-4a47-9188-f0aea0644191","Page":1,"PageClassification":null,"Query":{"Alias":null,"Pages":null,"Text":"What is the bank name/drawee name?"},"Relationships":[{"Type":"ANSWER","Ids":["24d08bc7-546e-438c-82c6-29044d741fd9"]}],"RowIndex":null,"RowSpan":null,"SelectionStatus":null,"Text":null,"TextType":null},{"BlockType":"QUERY","ColumnIndex":null,"ColumnSpan":null,"Confidence":null,"EntityTypes":null,"Geometry":null,"Hint":null,"Id":"d19b614e-092e-457a-9faf-034412fd2f01","Page":1,"PageClassification":null,"Query":{"Alias":null,"Pages":null,"Text":"What is the memo?"},"Relationships":[{"Type":"ANSWER","Ids":[]}],"RowIndex":null,"RowSpan":null,"SelectionStatus":null,"Text":null,"TextType":null},{"Geometry":{"BoundingBox":{"Top":0.5906385183334351,"Left":0.19132496416568756,"Width":0.5751244872808456,"Height":0.012970387935638428},"Polygon":[{"X":0.19132496416568756,"Y":0.5906385183334351},{"X":0.7664494514465332,"Y":0.5906385183334351},{"X":0.7664494514465332,"Y":0.6036089062690735},{"X":0.19132496416568756,"Y":0.6036089062690735}]},"BlockType":"QUERY_RESULT","Page":1,"Id":"4c98036f-5170-44b8-8bca-535cea1ce838","Text":"⑆471242184⑆ 89021142523⑉ 1588 ⑇25488744142⑆","Confidence":1,"SearchKey":"⑆471242184⑆ 89021142523⑉ 1588 ⑇25488744142⑆"},{"BlockType":"QUERY","ColumnIndex":null,"ColumnSpan":null,"Confidence":null,"EntityTypes":null,"Geometry":null,"Hint":null,"Id":"e07a37cd-09c7-42a0-967f-283f099d1f56","Page":1,"PageClassification":null,"Query":{"Alias":null,"Pages":null,"Text":"What is the MICR line?"},"Relationships":[{"Type":"ANSWER","Ids":["4c98036f-5170-44b8-8bca-535cea1ce838"]}],"RowIndex":null,"RowSpan":null,"SelectionStatus":null,"Text":null,"TextType":null}]}