{"DocumentMetadata":{"Pages":1},"Blocks":[{"BlockType":"QUERY_RESULT","ColumnIndex":null,"ColumnSpan":null,"Confidence":77,"EntityTypes":null,"Geometry":{"BoundingBox":{"Height":0.017365891486406326,"Left":0.14265216886997223,"Top":0.45104968547821045,"Width":0.22733911871910095},"Polygon":[{"X":0.14265267550945282,"Y":0.45104968547821045},{"X":0.3699905276298523,"Y":0.45107513666152954},{"X":0.3699913024902344,"Y":0.46841558814048767},{"X":0.14265216886997223,"Y":0.46838974952697754}]},"Hint":null,"Id":"1a77e124-4def-4d48-813a-3b0d932ce5b7","Page":1,"PageClassification":null,"Query":null,"Relationships":null,"RowIndex":null,"RowSpan":null,"SelectionStatus":null,"Text":"Shawna Albrought","TextType":null,"SearchKey":"Shawna Albrought"},{"BlockType":"QUERY","ColumnIndex":null,"ColumnSpan":null,"Confidence":null,"EntityTypes":null,"Geometry":null,"Hint":null,"Id":"041f0a4b-22c2-48e5-bcd5-9d3e39f3a20d","Page":1,"PageClassification":null,"Query":{"Alias":null,"Pages":null,"Text":"Who is the payee?"},"Relationships":[{"Type":"ANSWER","Ids":["1a77e124-4def-4d48-813a-3b0d932ce5b7"]}],"RowIndex":null,"RowSpan":null,"SelectionStatus":null,"Text":null,"TextType":null},{"BlockType":"QUERY_RESULT","ColumnIndex":null,"ColumnSpan":null,"Confidence":99,"EntityTypes":null,"Geometry":{"BoundingBox":{"Height":0.009674613364040852,"Left":0.8925235271453857,"Top":0.40211185812950134,"Width":0.03508941829204559},"Polygon":[{"X":0.8925235271453857,"Y":0.40211185812950134},{"X":0.9276107549667358,"Y":0.4021156132221222},{"X":0.9276129603385925,"Y":0.4117864668369293},{"X":0.8925256133079529,"Y":0.4117826819419861}]},"Hint":null,"Id":"0b588ccb-5c3b-4cae-84e8-0d92a61ac6f2","Page":1,"PageClassification":null,"Query":null,"Relationships":null,"RowIndex":null,"RowSpan":null,"SelectionStatus":null,"Text":"2451","TextType":null,"SearchKey":"2451"},{"BlockType":"QUERY","ColumnIndex":null,"ColumnSpan":null,"Confidence":null,"EntityTypes":null,"Geometry":null,"Hint":null,"Id":"6fd09416-8dfa-4167-b6fc-34fb4cb48c07","Page":1,"PageClassification":null,"Query":{"Alias":null,"Pages":null,"Text":"What is the check#?"},"Relationships":[{"Type":"ANSWER","Ids":["0b588ccb-5c3b-4cae-84e8-0d92a61ac6f2"]}],"RowIndex":null,"RowSpan":null,"SelectionStatus":null,"Text":null,"TextType":null},{"Geometry":{"BoundingBox":{"Top":0.36915305256843567,"Left":0.09532201290130615,"Width":0.21055451035499573,"Height":0.010350674390792847},"Polygon":[{"X":0.09532201290130615,"Y":0.36915305256843567},{"X":0.3058765232563019,"Y":0.36915305256843567},{"X":0.3058765232563019,"Y":0.3795037269592285},{"X":0.09532201290130615,"Y":0.3795037269592285}]},"BlockType":"QUERY_RESULT","Page":1,"Id":"80525e57-4e7d-480c-9c8e-753f563f9e6b","Text":"TECH & MECH CORPORATION","Confidence":1,"SearchKey":"TECH & MECH CORPORATION"},{"BlockType":"QUERY","ColumnIndex":null,"ColumnSpan":null,"Confidence":null,"EntityTypes":null,"Geometry":null,"Hint":null,"Id":"3cd5d5bd-2249-4813-9ae5-5495bd03050c","Page":1,"PageClassification":null,"Query":{"Alias":null,"Pages":null,"Text":"What is the customer name?"},"Relationships":[{"Type":"ANSWER","Ids":["80525e57-4e7d-480c-9c8e-753f563f9e6b"]}],"RowIndex":null,"RowSpan":null,"SelectionStatus":null,"Text":null,"TextType":null},{"Geometry":{"BoundingBox":{"Top":0.5783689022064209,"Left":0.4135899841785431,"Width":0.1470300853252411,"Height":0.010779201984405518},"Polygon":[{"X":0.4135899841785431,"Y":0.5783689022064209},{"X":0.5606200695037842,"Y":0.5783689022064209},{"X":0.5606200695037842,"Y":0.5891481041908264},{"X":0.4135899841785431,"Y":0.5891481041908264}]},"BlockType":"QUERY_RESULT","Page":1,"Id":"3cc5abc8-cb51-4e50-873f-bee21846bd9a","Text":"25874123598","Confidence":1,"SearchKey":"25874123598⑉"},{"BlockType":"QUERY","ColumnIndex":null,"ColumnSpan":null,"Confidence":null,"EntityTypes":null,"Geometry":null,"Hint":null,"Id":"cc469c3a-72a2-4daf-984a-aadb2cfa4e2d","Page":1,"PageClassification":null,"Query":{"Alias":null,"Pages":null,"Text":"What is the customer account#?"},"Relationships":[{"Type":"ANSWER","Ids":["3cc5abc8-cb51-4e50-873f-bee21846bd9a"]}],"RowIndex":null,"RowSpan":null,"SelectionStatus":null,"Text":null,"TextType":null},{"BlockType":"QUERY_RESULT","ColumnIndex":null,"ColumnSpan":null,"Confidence":98,"EntityTypes":null,"Geometry":{"BoundingBox":{"Height":0.02469196356832981,"Left":0.17492640018463135,"Top":0.5334205627441406,"Width":0.11601127684116364},"Polygon":[{"X":0.17492684721946716,"Y":0.5334205627441406},{"X":0.2909371852874756,"Y":0.5334345102310181},{"X":0.2909376621246338,"Y":0.5581125020980835},{"X":0.17492640018463135,"Y":0.5580982565879822}]},"Hint":null,"Id":"06e31022-5070-44d3-bccc-fe01c7ec96a0","Page":1,"PageClassification":null,"Query":null,"Relationships":null,"RowIndex":null,"RowSpan":null,"SelectionStatus":null,"Text":"1036 Malone Rd NSW 2329","TextType":null,"SearchKey":"1036 Malone Rd NSW 2329"},{"BlockType":"QUERY","ColumnIndex":null,"ColumnSpan":null,"Confidence":null,"EntityTypes":null,"Geometry":null,"Hint":null,"Id":"16b2c2ba-7d63-45ae-a295-c073b19efcec","Page":1,"PageClassification":null,"Query":{"Alias":null,"Pages":null,"Text":"What is the payee address?"},"Relationships":[{"Type":"ANSWER","Ids":["06e31022-5070-44d3-bccc-fe01c7ec96a0"]}],"RowIndex":null,"RowSpan":null,"SelectionStatus":null,"Text":null,"TextType":null},{"BlockType":"QUERY_RESULT","ColumnIndex":null,"ColumnSpan":null,"Confidence":99,"EntityTypes":null,"Geometry":{"BoundingBox":{"Height":0.010347888804972172,"Left":0.8275049328804016,"Top":0.4484584629535675,"Width":0.08748705685138702},"Polygon":[{"X":0.8275049328804016,"Y":0.4484584629535675},{"X":0.914989709854126,"Y":0.4484682083129883},{"X":0.9149919748306274,"Y":0.4588063359260559},{"X":0.827506959438324,"Y":0.4587964713573456}]},"Hint":null,"Id":"c9303c73-59cd-49a5-9ebb-30d4bd5b5f2b","Page":1,"PageClassification":null,"Query":null,"Relationships":null,"RowIndex":null,"RowSpan":null,"SelectionStatus":null,"Text":"07/01/21","TextType":null,"SearchKey":"07/01/21"},{"BlockType":"QUERY","ColumnIndex":null,"ColumnSpan":null,"Confidence":null,"EntityTypes":null,"Geometry":null,"Hint":null,"Id":"51e222eb-3e06-4085-8220-3fde0d1c7e0e","Page":1,"PageClassification":null,"Query":{"Alias":null,"Pages":null,"Text":"What is the date?"},"Relationships":[{"Type":"ANSWER","Ids":["c9303c73-59cd-49a5-9ebb-30d4bd5b5f2b"]}],"RowIndex":null,"RowSpan":null,"SelectionStatus":null,"Text":null,"TextType":null},{"BlockType":"QUERY_RESULT","ColumnIndex":null,"ColumnSpan":null,"Confidence":95,"EntityTypes":null,"Geometry":{"BoundingBox":{"Height":0.01873645931482315,"Left":0.10897209495306015,"Top":0.4777229130268097,"Width":0.5342183709144592},"Polygon":[{"X":0.10897284746170044,"Y":0.4777229130268097},{"X":0.643187940120697,"Y":0.4777841567993164},{"X":0.6431905031204224,"Y":0.49645936489105225},{"X":0.10897209495306015,"Y":0.49639707803726196}]},"Hint":null,"Id":"4cce16e0-cb2b-4a63-8c9b-c4bf3238db4d","Page":1,"PageClassification":null,"Query":null,"Relationships":null,"RowIndex":null,"RowSpan":null,"SelectionStatus":null,"Text":"Twenty Five Thousand Three Hundred And Forty Only","TextType":null,"SearchKey":"Twenty Five Thousand Three Hundred And Forty Only"},{"BlockType":"QUERY","ColumnIndex":null,"ColumnSpan":null,"Confidence":null,"EntityTypes":null,"Geometry":null,"Hint":null,"Id":"1334cd8c-ebc6-4cb9-b07b-53d91396d840","Page":1,"PageClassification":null,"Query":{"Alias":null,"Pages":null,"Text":"What is the check amount in words?"},"Relationships":[{"Type":"ANSWER","Ids":["4cce16e0-cb2b-4a63-8c9b-c4bf3238db4d"]}],"RowIndex":null,"RowSpan":null,"SelectionStatus":null,"Text":null,"TextType":null},{"Geometry":{"BoundingBox":{"Top":0.4802868962287903,"Left":0.8033686280250549,"Width":0.09978359937667847,"Height":0.015440940856933594},"Polygon":[{"X":0.8033686280250549,"Y":0.4802868962287903},{"X":0.9031522274017334,"Y":0.4802868962287903},{"X":0.9031522274017334,"Y":0.4957278370857239},{"X":0.8033686280250549,"Y":0.4957278370857239}]},"BlockType":"QUERY_RESULT","Page":1,"Id":"26ef77d3-4622-42dc-b71d-ef407be8cbe0","Text":"$25,340/-","Confidence":1,"SearchKey":"$25.340/-"},{"BlockType":"QUERY","ColumnIndex":null,"ColumnSpan":null,"Confidence":null,"EntityTypes":null,"Geometry":null,"Hint":null,"Id":"e609299a-7abc-48cf-aaea-ee36408aa817","Page":1,"PageClassification":null,"Query":{"Alias":null,"Pages":null,"Text":"What is the dollar amount?"},"Relationships":[{"Type":"ANSWER","Ids":["26ef77d3-4622-42dc-b71d-ef407be8cbe0"]}],"RowIndex":null,"RowSpan":null,"SelectionStatus":null,"Text":null,"TextType":null},{"Geometry":{"BoundingBox":{"Top":0.36915305256843567,"Left":0.09532201290130615,"Width":0.21055451035499573,"Height":0.010350674390792847},"Polygon":[{"X":0.09532201290130615,"Y":0.36915305256843567},{"X":0.3058765232563019,"Y":0.36915305256843567},{"X":0.3058765232563019,"Y":0.3795037269592285},{"X":0.09532201290130615,"Y":0.3795037269592285}]},"BlockType":"QUERY_RESULT","Page":1,"Id":"559e3d60-4a6e-4753-83ea-12f5732f17a6","Text":"TECH & MECH CORPORATION","Confidence":1,"SearchKey":"TECH & MECH CORPORATION"},{"BlockType":"QUERY","ColumnIndex":null,"ColumnSpan":null,"Confidence":null,"EntityTypes":null,"Geometry":null,"Hint":null,"Id":"95b58f93-c2b6-4053-ae71-f1b86cddd44b","Page":1,"PageClassification":null,"Query":{"Alias":null,"Pages":null,"Text":"What is the account name/payer/drawer name?"},"Relationships":[{"Type":"ANSWER","Ids":["559e3d60-4a6e-4753-83ea-12f5732f17a6"]}],"RowIndex":null,"RowSpan":null,"SelectionStatus":null,"Text":null,"TextType":null},{"BlockType":"QUERY_RESULT","ColumnIndex":null,"ColumnSpan":null,"Confidence":82,"EntityTypes":null,"Geometry":{"BoundingBox":{"Height":0.01076019462198019,"Left":0.2546550929546356,"Top":0.5776479244232178,"Width":0.14122731983661652},"Polygon":[{"X":0.2546550929546356,"Y":0.5776479244232178},{"X":0.3958818316459656,"Y":0.5776656270027161},{"X":0.39588242769241333,"Y":0.5884081125259399},{"X":0.2546551823616028,"Y":0.5883902907371521}]},"Hint":null,"Id":"22374ea5-039d-4b3f-b700-46036e233f97","Page":1,"PageClassification":null,"Query":null,"Relationships":null,"RowIndex":null,"RowSpan":null,"SelectionStatus":null,"Text":"212325418","TextType":null,"SearchKey":"212325418"},{"BlockType":"QUERY","ColumnIndex":null,"ColumnSpan":null,"Confidence":null,"EntityTypes":null,"Geometry":null,"Hint":null,"Id":"6ea18959-e243-4b10-ace1-11917c1916d9","Page":1,"PageClassification":null,"Query":{"Alias":null,"Pages":null,"Text":"What is the bank routing number?"},"Relationships":[{"Type":"ANSWER","Ids":["22374ea5-039d-4b3f-b700-46036e233f97"]}],"RowIndex":null,"RowSpan":null,"SelectionStatus":null,"Text":null,"TextType":null},{"BlockType":"QUERY_RESULT","ColumnIndex":null,"ColumnSpan":null,"Confidence":97,"EntityTypes":null,"Geometry":{"BoundingBox":{"Height":0.009343568235635757,"Left":0.5818924307823181,"Top":0.3717336654663086,"Width":0.0640893206000328},"Polygon":[{"X":0.5818924307823181,"Y":0.3717336654663086},{"X":0.6459804773330688,"Y":0.37174031138420105},{"X":0.6459817886352539,"Y":0.38107722997665405},{"X":0.5818935036659241,"Y":0.3810705244541168}]},"Hint":null,"Id":"3301de78-ac2e-41df-8db2-ad98f4199ea1","Page":1,"PageClassification":null,"Query":null,"Relationships":null,"RowIndex":null,"RowSpan":null,"SelectionStatus":null,"Text":"US BANK","TextType":null,"SearchKey":"US BANK"},{"BlockType":"QUERY","ColumnIndex":null,"ColumnSpan":null,"Confidence":null,"EntityTypes":null,"Geometry":null,"Hint":null,"Id":"3b6af951-4e53-431a-99ce-880c56ef2f46","Page":1,"PageClassification":null,"Query":{"Alias":null,"Pages":null,"Text":"What is the bank name/drawee name?"},"Relationships":[{"Type":"ANSWER","Ids":["3301de78-ac2e-41df-8db2-ad98f4199ea1"]}],"RowIndex":null,"RowSpan":null,"SelectionStatus":null,"Text":null,"TextType":null},{"BlockType":"QUERY","ColumnIndex":null,"ColumnSpan":null,"Confidence":null,"EntityTypes":null,"Geometry":null,"Hint":null,"Id":"239b5b99-14d3-4b04-96b3-f6cc21a1d5eb","Page":1,"PageClassification":null,"Query":{"Alias":null,"Pages":null,"Text":"What is the memo?"},"Relationships":[{"Type":"ANSWER","Ids":[]}],"RowIndex":null,"RowSpan":null,"SelectionStatus":null,"Text":null,"TextType":null},{"Geometry":{"BoundingBox":{"Top":0.5776479244232178,"Left":0.2546550929546356,"Width":0.551940530538559,"Height":0.013093948364257812},"Polygon":[{"X":0.2546550929546356,"Y":0.5776479244232178},{"X":0.8065956234931946,"Y":0.5776479244232178},{"X":0.8065956234931946,"Y":0.5907418727874756},{"X":0.2546550929546356,"Y":0.5907418727874756}]},"BlockType":"QUERY_RESULT","Page":1,"Id":"777dc5b5-9987-451b-8a62-d74ce0e07b39","Text":"⑆212325418⑆ 25874123598⑉ 2451 ⑇21212582001⑆","Confidence":1,"SearchKey":"⑆212325418⑆ 25874123598⑉ 2451 ⑇21212582001⑆"},{"BlockType":"QUERY","ColumnIndex":null,"ColumnSpan":null,"Confidence":null,"EntityTypes":null,"Geometry":null,"Hint":null,"Id":"f835a174-82cb-42bc-b6ad-3366d0d4766b","Page":1,"PageClassification":null,"Query":{"Alias":null,"Pages":null,"Text":"What is the MICR line?"},"Relationships":[{"Type":"ANSWER","Ids":["777dc5b5-9987-451b-8a62-d74ce0e07b39"]}],"RowIndex":null,"RowSpan":null,"SelectionStatus":null,"Text":null,"TextType":null}]}