{"DocumentMetadata":{"Pages":1},"Blocks":[{"BlockType":"QUERY_RESULT","ColumnIndex":null,"ColumnSpan":null,"Confidence":64,"EntityTypes":null,"Geometry":{"BoundingBox":{"Height":0.012140111066401005,"Left":0.1734619438648224,"Top":0.4244294762611389,"Width":0.11774574220180511},"Polygon":[{"X":0.1734619438648224,"Y":0.4244294762611389},{"X":0.2912064492702484,"Y":0.4244407117366791},{"X":0.2912077009677887,"Y":0.43656960129737854},{"X":0.17346273362636566,"Y":0.4365580677986145}]},"Hint":null,"Id":"17b70631-4fbe-4bd1-b3cc-f6c1864e374e","Page":1,"PageClassification":null,"Query":null,"Relationships":null,"RowIndex":null,"RowSpan":null,"SelectionStatus":null,"Text":"Alva Shoulders","TextType":null,"SearchKey":"Alva Shoulders"},{"BlockType":"QUERY","ColumnIndex":null,"ColumnSpan":null,"Confidence":null,"EntityTypes":null,"Geometry":null,"Hint":null,"Id":"afdc88d7-c049-4fe6-9eb8-3f55439be552","Page":1,"PageClassification":null,"Query":{"Alias":null,"Pages":null,"Text":"Who is the payee?"},"Relationships":[{"Type":"ANSWER","Ids":["17b70631-4fbe-4bd1-b3cc-f6c1864e374e"]}],"RowIndex":null,"RowSpan":null,"SelectionStatus":null,"Text":null,"TextType":null},{"BlockType":"QUERY_RESULT","ColumnIndex":null,"ColumnSpan":null,"Confidence":97,"EntityTypes":null,"Geometry":{"BoundingBox":{"Height":0.01091799046844244,"Left":0.5996909737586975,"Top":0.2698262631893158,"Width":0.03611418232321739},"Polygon":[{"X":0.5996909737586975,"Y":0.2698262631893158},{"X":0.6358028054237366,"Y":0.2698286175727844},{"X":0.6358051300048828,"Y":0.2807442247867584},{"X":0.5996931791305542,"Y":0.28074178099632263}]},"Hint":null,"Id":"0957c59d-d47e-4444-a6a2-e1861e68416d","Page":1,"PageClassification":null,"Query":null,"Relationships":null,"RowIndex":null,"RowSpan":null,"SelectionStatus":null,"Text":"2893","TextType":null,"SearchKey":"2893"},{"BlockType":"QUERY","ColumnIndex":null,"ColumnSpan":null,"Confidence":null,"EntityTypes":null,"Geometry":null,"Hint":null,"Id":"26ffacc8-65cd-4d0d-b25c-a453dc43bbdb","Page":1,"PageClassification":null,"Query":{"Alias":null,"Pages":null,"Text":"What is the check#?"},"Relationships":[{"Type":"ANSWER","Ids":["0957c59d-d47e-4444-a6a2-e1861e68416d"]}],"RowIndex":null,"RowSpan":null,"SelectionStatus":null,"Text":null,"TextType":null},{"BlockType":"QUERY","ColumnIndex":null,"ColumnSpan":null,"Confidence":null,"EntityTypes":null,"Geometry":null,"Hint":null,"Id":"72ea29b0-bd9a-4a6e-a4fd-d5059c2bca5a","Page":1,"PageClassification":null,"Query":{"Alias":null,"Pages":null,"Text":"What is the customer name?"},"Relationships":[{"Type":"ANSWER","Ids":[]}],"RowIndex":null,"RowSpan":null,"SelectionStatus":null,"Text":null,"TextType":null},{"BlockType":"QUERY_RESULT","ColumnIndex":null,"ColumnSpan":null,"Confidence":43,"EntityTypes":null,"Geometry":{"BoundingBox":{"Height":0.012153664603829384,"Left":0.6452928185462952,"Top":0.5900530219078064,"Width":0.17509303987026215},"Polygon":[{"X":0.6452928185462952,"Y":0.5900530219078064},{"X":0.8203825354576111,"Y":0.5900753140449524},{"X":0.8203858733177185,"Y":0.6022067070007324},{"X":0.6452954411506653,"Y":0.602183997631073}]},"Hint":null,"Id":"6d25ad8a-706d-41e1-a236-82302fa89257","Page":1,"PageClassification":null,"Query":null,"Relationships":null,"RowIndex":null,"RowSpan":null,"SelectionStatus":null,"Text":"12587493254","TextType":null,"SearchKey":"12587493254"},{"BlockType":"QUERY","ColumnIndex":null,"ColumnSpan":null,"Confidence":null,"EntityTypes":null,"Geometry":null,"Hint":null,"Id":"5cb5f3c2-9f9d-4f87-b942-43b583533c9f","Page":1,"PageClassification":null,"Query":{"Alias":null,"Pages":null,"Text":"What is the customer account#?"},"Relationships":[{"Type":"ANSWER","Ids":["6d25ad8a-706d-41e1-a236-82302fa89257"]}],"RowIndex":null,"RowSpan":null,"SelectionStatus":null,"Text":null,"TextType":null},{"BlockType":"QUERY","ColumnIndex":null,"ColumnSpan":null,"Confidence":null,"EntityTypes":null,"Geometry":null,"Hint":null,"Id":"ebd4df1e-d02f-4ba6-983d-81b990785092","Page":1,"PageClassification":null,"Query":{"Alias":null,"Pages":null,"Text":"What is the payee address?"},"Relationships":[{"Type":"ANSWER","Ids":[]}],"RowIndex":null,"RowSpan":null,"SelectionStatus":null,"Text":null,"TextType":null},{"BlockType":"QUERY_RESULT","ColumnIndex":null,"ColumnSpan":null,"Confidence":99,"EntityTypes":null,"Geometry":{"BoundingBox":{"Height":0.013349018059670925,"Left":0.5753700733184814,"Top":0.34744754433631897,"Width":0.08635956794023514},"Polygon":[{"X":0.5753700733184814,"Y":0.34744754433631897},{"X":0.661726713180542,"Y":0.3474545180797577},{"X":0.661729633808136,"Y":0.36079657077789307},{"X":0.5753726959228516,"Y":0.36078938841819763}]},"Hint":null,"Id":"c5fdc2c8-834f-4f4c-aaa1-26a2e8f9a6ea","Page":1,"PageClassification":null,"Query":null,"Relationships":null,"RowIndex":null,"RowSpan":null,"SelectionStatus":null,"Text":"12/01/2020","TextType":null,"SearchKey":"12/01/2020"},{"BlockType":"QUERY","ColumnIndex":null,"ColumnSpan":null,"Confidence":null,"EntityTypes":null,"Geometry":null,"Hint":null,"Id":"6a6bdae5-d9be-4709-ba98-c2a246478a49","Page":1,"PageClassification":null,"Query":{"Alias":null,"Pages":null,"Text":"What is the date?"},"Relationships":[{"Type":"ANSWER","Ids":["c5fdc2c8-834f-4f4c-aaa1-26a2e8f9a6ea"]}],"RowIndex":null,"RowSpan":null,"SelectionStatus":null,"Text":null,"TextType":null},{"BlockType":"QUERY_RESULT","ColumnIndex":null,"ColumnSpan":null,"Confidence":97,"EntityTypes":null,"Geometry":{"BoundingBox":{"Height":0.013993201777338982,"Left":0.17110894620418549,"Top":0.45293161273002625,"Width":0.434902548789978},"Polygon":[{"X":0.17110894620418549,"Y":0.45293161273002625},{"X":0.6060086488723755,"Y":0.45297548174858093},{"X":0.6060115098953247,"Y":0.466924786567688},{"X":0.17110984027385712,"Y":0.4668797552585602}]},"Hint":null,"Id":"4fb72d4c-75e4-49b5-abf7-334ddff0739b","Page":1,"PageClassification":null,"Query":null,"Relationships":null,"RowIndex":null,"RowSpan":null,"SelectionStatus":null,"Text":"Thirty Seven Thousand One Hundred And Twenty Only","TextType":null,"SearchKey":"Thirty Seven Thousand One Hundred And Twenty Only"},{"BlockType":"QUERY","ColumnIndex":null,"ColumnSpan":null,"Confidence":null,"EntityTypes":null,"Geometry":null,"Hint":null,"Id":"b90daa12-9996-4527-858d-85de31a4803a","Page":1,"PageClassification":null,"Query":{"Alias":null,"Pages":null,"Text":"What is the check amount in words?"},"Relationships":[{"Type":"ANSWER","Ids":["4fb72d4c-75e4-49b5-abf7-334ddff0739b"]}],"RowIndex":null,"RowSpan":null,"SelectionStatus":null,"Text":null,"TextType":null},{"BlockType":"QUERY_RESULT","ColumnIndex":null,"ColumnSpan":null,"Confidence":56,"EntityTypes":null,"Geometry":{"BoundingBox":{"Height":0.015172932296991348,"Left":0.7606797814369202,"Top":0.4736124873161316,"Width":0.0926518440246582},"Polygon":[{"X":0.7606797814369202,"Y":0.4736124873161316},{"X":0.8533273339271545,"Y":0.47362220287323},{"X":0.8533316254615784,"Y":0.48878541588783264},{"X":0.7606836557388306,"Y":0.48877543210983276}]},"Hint":null,"Id":"c427920c-ea1e-4479-883a-f1bd83c0ee69","Page":1,"PageClassification":null,"Query":null,"Relationships":null,"RowIndex":null,"RowSpan":null,"SelectionStatus":null,"Text":"$37,120.00","TextType":null,"SearchKey":"$37,120.00"},{"BlockType":"QUERY","ColumnIndex":null,"ColumnSpan":null,"Confidence":null,"EntityTypes":null,"Geometry":null,"Hint":null,"Id":"3f7c29a3-1881-438b-9aae-b9477fe8ed10","Page":1,"PageClassification":null,"Query":{"Alias":null,"Pages":null,"Text":"What is the dollar amount?"},"Relationships":[{"Type":"ANSWER","Ids":["c427920c-ea1e-4479-883a-f1bd83c0ee69"]}],"RowIndex":null,"RowSpan":null,"SelectionStatus":null,"Text":null,"TextType":null},{"BlockType":"QUERY","ColumnIndex":null,"ColumnSpan":null,"Confidence":null,"EntityTypes":null,"Geometry":null,"Hint":null,"Id":"63ad0a74-a13c-4eb9-aa27-eb95d6771655","Page":1,"PageClassification":null,"Query":{"Alias":null,"Pages":null,"Text":"What is the account name/payer/drawer name?"},"Relationships":[{"Type":"ANSWER","Ids":[]}],"RowIndex":null,"RowSpan":null,"SelectionStatus":null,"Text":null,"TextType":null},{"Geometry":{"BoundingBox":{"Top":0.5905293226242065,"Left":0.24317194521427155,"Width":0.1472400277853012,"Height":0.012054204940795898},"Polygon":[{"X":0.24317194521427155,"Y":0.5905293226242065},{"X":0.39041197299957275,"Y":0.5905293226242065},{"X":0.39041197299957275,"Y":0.6025835275650024},{"X":0.24317194521427155,"Y":0.6025835275650024}]},"BlockType":"QUERY_RESULT","Page":1,"Id":"d4065c55-2f72-48f9-bb2e-5bcb8b5f7d8b","Text":"121855889","Confidence":1,"SearchKey":"⑆121855889⑆"},{"BlockType":"QUERY","ColumnIndex":null,"ColumnSpan":null,"Confidence":null,"EntityTypes":null,"Geometry":null,"Hint":null,"Id":"566328de-589c-4ab1-8f64-dc2c76df6d62","Page":1,"PageClassification":null,"Query":{"Alias":null,"Pages":null,"Text":"What is the bank routing number?"},"Relationships":[{"Type":"ANSWER","Ids":["d4065c55-2f72-48f9-bb2e-5bcb8b5f7d8b"]}],"RowIndex":null,"RowSpan":null,"SelectionStatus":null,"Text":null,"TextType":null},{"BlockType":"QUERY_RESULT","ColumnIndex":null,"ColumnSpan":null,"Confidence":98,"EntityTypes":null,"Geometry":{"BoundingBox":{"Height":0.01578076183795929,"Left":0.12008257955312729,"Top":0.3486235737800598,"Width":0.17268763482570648},"Polygon":[{"X":0.12008257955312729,"Y":0.3486235737800598},{"X":0.29276856780052185,"Y":0.34863755106925964},{"X":0.2927702069282532,"Y":0.3644043505191803},{"X":0.12008333206176758,"Y":0.3643898367881775}]},"Hint":null,"Id":"9c87e5a8-8f14-4380-92b3-1913bb872470","Page":1,"PageClassification":null,"Query":null,"Relationships":null,"RowIndex":null,"RowSpan":null,"SelectionStatus":null,"Text":"Deutsche Bank","TextType":null,"SearchKey":"Deutsche Bank"},{"BlockType":"QUERY","ColumnIndex":null,"ColumnSpan":null,"Confidence":null,"EntityTypes":null,"Geometry":null,"Hint":null,"Id":"d5284b5d-fe79-4931-925a-df5b148f79c2","Page":1,"PageClassification":null,"Query":{"Alias":null,"Pages":null,"Text":"What is the bank name/drawee name?"},"Relationships":[{"Type":"ANSWER","Ids":["9c87e5a8-8f14-4380-92b3-1913bb872470"]}],"RowIndex":null,"RowSpan":null,"SelectionStatus":null,"Text":null,"TextType":null},{"BlockType":"QUERY","ColumnIndex":null,"ColumnSpan":null,"Confidence":null,"EntityTypes":null,"Geometry":null,"Hint":null,"Id":"1bbc4d41-c869-4d2e-90be-2540877eaa70","Page":1,"PageClassification":null,"Query":{"Alias":null,"Pages":null,"Text":"What is the memo?"},"Relationships":[{"Type":"ANSWER","Ids":[]}],"RowIndex":null,"RowSpan":null,"SelectionStatus":null,"Text":null,"TextType":null},{"Geometry":{"BoundingBox":{"Top":0.5905293226242065,"Left":0.24317194521427155,"Width":0.5773278921842575,"Height":0.01216888427734375},"Polygon":[{"X":0.24317194521427155,"Y":0.5905293226242065},{"X":0.820499837398529,"Y":0.5905293226242065},{"X":0.820499837398529,"Y":0.6026982069015503},{"X":0.24317194521427155,"Y":0.6026982069015503}]},"BlockType":"QUERY_RESULT","Page":1,"Id":"adeabc5c-4612-4c49-9d59-5930d8ff7299","Text":"⑆121855889⑆ 78452541258⑉ 2893 ⑇12587493254⑆","Confidence":1,"SearchKey":"⑆121855889⑆ 78452541258⑉ 2893 ⑇12587493254⑆"},{"BlockType":"QUERY","ColumnIndex":null,"ColumnSpan":null,"Confidence":null,"EntityTypes":null,"Geometry":null,"Hint":null,"Id":"36874c57-b1f0-4a6a-ad5b-be0bfeebc6c0","Page":1,"PageClassification":null,"Query":{"Alias":null,"Pages":null,"Text":"What is the MICR line?"},"Relationships":[{"Type":"ANSWER","Ids":["adeabc5c-4612-4c49-9d59-5930d8ff7299"]}],"RowIndex":null,"RowSpan":null,"SelectionStatus":null,"Text":null,"TextType":null}]}