{"DocumentMetadata":{"Pages":1},"Blocks":[{"BlockType":"QUERY_RESULT","ColumnIndex":null,"ColumnSpan":null,"Confidence":99,"EntityTypes":null,"Geometry":{"BoundingBox":{"Height":0.013959131203591824,"Left":0.18522292375564575,"Top":0.44686955213546753,"Width":0.11068740487098694},"Polygon":[{"X":0.18522292375564575,"Y":0.44686955213546753},{"X":0.2959083020687103,"Y":0.4468803107738495},{"X":0.2959103286266327,"Y":0.46082866191864014},{"X":0.18522444367408752,"Y":0.4608176052570343}]},"Hint":null,"Id":"737559ce-82cf-4748-9f9b-540c4ad0593b","Page":1,"PageClassification":null,"Query":null,"Relationships":null,"RowIndex":null,"RowSpan":null,"SelectionStatus":null,"Text":"Mariko Stayer","TextType":null,"SearchKey":"Mariko Stayer"},{"BlockType":"QUERY","ColumnIndex":null,"ColumnSpan":null,"Confidence":null,"EntityTypes":null,"Geometry":null,"Hint":null,"Id":"23f8676b-487e-41e2-af52-99939f6baecd","Page":1,"PageClassification":null,"Query":{"Alias":null,"Pages":null,"Text":"Who is the payee?"},"Relationships":[{"Type":"ANSWER","Ids":["737559ce-82cf-4748-9f9b-540c4ad0593b"]}],"RowIndex":null,"RowSpan":null,"SelectionStatus":null,"Text":null,"TextType":null},{"BlockType":"QUERY_RESULT","ColumnIndex":null,"ColumnSpan":null,"Confidence":99,"EntityTypes":null,"Geometry":{"BoundingBox":{"Height":0.01031142845749855,"Left":0.5996858477592468,"Top":0.27043306827545166,"Width":0.03611597418785095},"Polygon":[{"X":0.5996858477592468,"Y":0.27043306827545166},{"X":0.6357991695404053,"Y":0.2704353630542755},{"X":0.6358017921447754,"Y":0.2807445228099823},{"X":0.5996883511543274,"Y":0.28074216842651367}]},"Hint":null,"Id":"3188e5ab-3035-4440-805a-586c2cc885ec","Page":1,"PageClassification":null,"Query":null,"Relationships":null,"RowIndex":null,"RowSpan":null,"SelectionStatus":null,"Text":"1189","TextType":null,"SearchKey":"1189"},{"BlockType":"QUERY","ColumnIndex":null,"ColumnSpan":null,"Confidence":null,"EntityTypes":null,"Geometry":null,"Hint":null,"Id":"0724e15c-c297-4daa-914b-b819fed8de4f","Page":1,"PageClassification":null,"Query":{"Alias":null,"Pages":null,"Text":"What is the check#?"},"Relationships":[{"Type":"ANSWER","Ids":["3188e5ab-3035-4440-805a-586c2cc885ec"]}],"RowIndex":null,"RowSpan":null,"SelectionStatus":null,"Text":null,"TextType":null},{"BlockType":"QUERY","ColumnIndex":null,"ColumnSpan":null,"Confidence":null,"EntityTypes":null,"Geometry":null,"Hint":null,"Id":"e080921d-53a5-46ca-80cd-0a173ab594f4","Page":1,"PageClassification":null,"Query":{"Alias":null,"Pages":null,"Text":"What is the customer name?"},"Relationships":[{"Type":"ANSWER","Ids":[]}],"RowIndex":null,"RowSpan":null,"SelectionStatus":null,"Text":null,"TextType":null},{"Geometry":{"BoundingBox":{"Top":0.590496301651001,"Left":0.3502170145511627,"Width":0.16138610243797302,"Height":0.012060761451721191},"Polygon":[{"X":0.3502170145511627,"Y":0.590496301651001},{"X":0.5116031169891357,"Y":0.590496301651001},{"X":0.5116031169891357,"Y":0.6025570631027222},{"X":0.3502170145511627,"Y":0.6025570631027222}]},"BlockType":"QUERY_RESULT","Page":1,"Id":"c26a2d1d-7a15-44d4-95fb-3ebebb7be8e6","Text":"89021142523","Confidence":1,"SearchKey":"89021142523⑉"},{"BlockType":"QUERY","ColumnIndex":null,"ColumnSpan":null,"Confidence":null,"EntityTypes":null,"Geometry":null,"Hint":null,"Id":"2f2bb167-470a-4aa7-bd59-f594eab52794","Page":1,"PageClassification":null,"Query":{"Alias":null,"Pages":null,"Text":"What is the customer account#?"},"Relationships":[{"Type":"ANSWER","Ids":["c26a2d1d-7a15-44d4-95fb-3ebebb7be8e6"]}],"RowIndex":null,"RowSpan":null,"SelectionStatus":null,"Text":null,"TextType":null},{"BlockType":"QUERY","ColumnIndex":null,"ColumnSpan":null,"Confidence":null,"EntityTypes":null,"Geometry":null,"Hint":null,"Id":"45000161-7ccf-4113-918a-3b5007e78b8d","Page":1,"PageClassification":null,"Query":{"Alias":null,"Pages":null,"Text":"What is the payee address?"},"Relationships":[{"Type":"ANSWER","Ids":[]}],"RowIndex":null,"RowSpan":null,"SelectionStatus":null,"Text":null,"TextType":null},{"BlockType":"QUERY_RESULT","ColumnIndex":null,"ColumnSpan":null,"Confidence":99,"EntityTypes":null,"Geometry":{"BoundingBox":{"Height":0.012742952443659306,"Left":0.7630103230476379,"Top":0.3559528887271881,"Width":0.08637084066867828},"Polygon":[{"X":0.7630103230476379,"Y":0.3559528887271881},{"X":0.8493770360946655,"Y":0.35595977306365967},{"X":0.849381148815155,"Y":0.36869585514068604},{"X":0.7630141377449036,"Y":0.36868876218795776}]},"Hint":null,"Id":"542b70c4-2c4e-47a8-9e36-727d3b0a5736","Page":1,"PageClassification":null,"Query":null,"Relationships":null,"RowIndex":null,"RowSpan":null,"SelectionStatus":null,"Text":"12/01/2021","TextType":null,"SearchKey":"12/01/2021"},{"BlockType":"QUERY","ColumnIndex":null,"ColumnSpan":null,"Confidence":null,"EntityTypes":null,"Geometry":null,"Hint":null,"Id":"5270c689-e0df-499e-bea8-ac79ddf8aad4","Page":1,"PageClassification":null,"Query":{"Alias":null,"Pages":null,"Text":"What is the date?"},"Relationships":[{"Type":"ANSWER","Ids":["542b70c4-2c4e-47a8-9e36-727d3b0a5736"]}],"RowIndex":null,"RowSpan":null,"SelectionStatus":null,"Text":null,"TextType":null},{"BlockType":"QUERY_RESULT","ColumnIndex":null,"ColumnSpan":null,"Confidence":79,"EntityTypes":null,"Geometry":{"BoundingBox":{"Height":0.014596736989915371,"Left":0.12792226672172546,"Top":0.4765792489051819,"Width":0.3980167508125305},"Polygon":[{"X":0.12792226672172546,"Y":0.4765792489051819},{"X":0.5259358286857605,"Y":0.47662022709846497},{"X":0.5259390473365784,"Y":0.49117597937583923},{"X":0.12792359292507172,"Y":0.4911338984966278}]},"Hint":null,"Id":"1421ea69-1afc-450d-9459-16486a397467","Page":1,"PageClassification":null,"Query":null,"Relationships":null,"RowIndex":null,"RowSpan":null,"SelectionStatus":null,"Text":"Twenty Six Thousand One Hundred And Fifty Only","TextType":null,"SearchKey":"Twenty Six Thousand One Hundred And Fifty Only"},{"BlockType":"QUERY","ColumnIndex":null,"ColumnSpan":null,"Confidence":null,"EntityTypes":null,"Geometry":null,"Hint":null,"Id":"a3e760df-a110-4e4d-b789-d5a28a252dc8","Page":1,"PageClassification":null,"Query":{"Alias":null,"Pages":null,"Text":"What is the check amount in words?"},"Relationships":[{"Type":"ANSWER","Ids":["1421ea69-1afc-450d-9459-16486a397467"]}],"RowIndex":null,"RowSpan":null,"SelectionStatus":null,"Text":null,"TextType":null},{"BlockType":"QUERY_RESULT","ColumnIndex":null,"ColumnSpan":null,"Confidence":50,"EntityTypes":null,"Geometry":{"BoundingBox":{"Height":0.013959027826786041,"Left":0.7763862013816833,"Top":0.45056602358818054,"Width":0.0926559716463089},"Polygon":[{"X":0.7763862013816833,"Y":0.45056602358818054},{"X":0.8690375685691833,"Y":0.4505751132965088},{"X":0.869042158126831,"Y":0.464525043964386},{"X":0.7763903737068176,"Y":0.464515745639801}]},"Hint":null,"Id":"fab94cf3-0446-4f3b-9929-1149757dec26","Page":1,"PageClassification":null,"Query":null,"Relationships":null,"RowIndex":null,"RowSpan":null,"SelectionStatus":null,"Text":"$26,150.00","TextType":null,"SearchKey":"$26,150.00"},{"BlockType":"QUERY","ColumnIndex":null,"ColumnSpan":null,"Confidence":null,"EntityTypes":null,"Geometry":null,"Hint":null,"Id":"bcddf19f-13c2-4a58-8824-370da144f4b1","Page":1,"PageClassification":null,"Query":{"Alias":null,"Pages":null,"Text":"What is the dollar amount?"},"Relationships":[{"Type":"ANSWER","Ids":["fab94cf3-0446-4f3b-9929-1149757dec26"]}],"RowIndex":null,"RowSpan":null,"SelectionStatus":null,"Text":null,"TextType":null},{"BlockType":"QUERY","ColumnIndex":null,"ColumnSpan":null,"Confidence":null,"EntityTypes":null,"Geometry":null,"Hint":null,"Id":"ee097be1-cdbb-42be-8a26-330e1a528ee4","Page":1,"PageClassification":null,"Query":{"Alias":null,"Pages":null,"Text":"What is the account name/payer/drawer name?"},"Relationships":[{"Type":"ANSWER","Ids":[]}],"RowIndex":null,"RowSpan":null,"SelectionStatus":null,"Text":null,"TextType":null},{"Geometry":{"BoundingBox":{"Top":0.5907883048057556,"Left":0.18964040279388428,"Width":0.14616718888282776,"Height":0.01194995641708374},"Polygon":[{"X":0.18964040279388428,"Y":0.5907883048057556},{"X":0.33580759167671204,"Y":0.5907883048057556},{"X":0.33580759167671204,"Y":0.6027382612228394},{"X":0.18964040279388428,"Y":0.6027382612228394}]},"BlockType":"QUERY_RESULT","Page":1,"Id":"125c5da6-4f2b-4888-8510-c929c21330f8","Text":"589325234","Confidence":1,"SearchKey":"⑆589325234⑆"},{"BlockType":"QUERY","ColumnIndex":null,"ColumnSpan":null,"Confidence":null,"EntityTypes":null,"Geometry":null,"Hint":null,"Id":"ccc0e445-6d9f-40cf-b65a-0737c721d74e","Page":1,"PageClassification":null,"Query":{"Alias":null,"Pages":null,"Text":"What is the bank routing number?"},"Relationships":[{"Type":"ANSWER","Ids":["125c5da6-4f2b-4888-8510-c929c21330f8"]}],"RowIndex":null,"RowSpan":null,"SelectionStatus":null,"Text":null,"TextType":null},{"Geometry":{"BoundingBox":{"Top":0.3563539981842041,"Left":0.12002823501825333,"Width":0.20592495054006577,"Height":0.02548980712890625},"Polygon":[{"X":0.12002823501825333,"Y":0.3563539981842041},{"X":0.3259531855583191,"Y":0.3563539981842041},{"X":0.3259531855583191,"Y":0.38184380531311035},{"X":0.12002823501825333,"Y":0.38184380531311035}]},"BlockType":"QUERY_RESULT","Page":1,"Id":"f1fe859c-546c-4622-b2aa-20e34ae0571c","Text":"Capital Communications Federal Credit Union","Confidence":1,"SearchKey":"Capital Communications Federal Credit Union"},{"BlockType":"QUERY","ColumnIndex":null,"ColumnSpan":null,"Confidence":null,"EntityTypes":null,"Geometry":null,"Hint":null,"Id":"646a1036-9ba6-4b7e-9ca3-b09f273fe8a0","Page":1,"PageClassification":null,"Query":{"Alias":null,"Pages":null,"Text":"What is the bank name/drawee name?"},"Relationships":[{"Type":"ANSWER","Ids":["f1fe859c-546c-4622-b2aa-20e34ae0571c"]}],"RowIndex":null,"RowSpan":null,"SelectionStatus":null,"Text":null,"TextType":null},{"BlockType":"QUERY","ColumnIndex":null,"ColumnSpan":null,"Confidence":null,"EntityTypes":null,"Geometry":null,"Hint":null,"Id":"2159dab4-e0d2-499c-bd46-af93859b8989","Page":1,"PageClassification":null,"Query":{"Alias":null,"Pages":null,"Text":"What is the memo?"},"Relationships":[{"Type":"ANSWER","Ids":[]}],"RowIndex":null,"RowSpan":null,"SelectionStatus":null,"Text":null,"TextType":null},{"Geometry":{"BoundingBox":{"Top":0.590496301651001,"Left":0.18964040279388428,"Width":0.5761719942092896,"Height":0.012241959571838379},"Polygon":[{"X":0.18964040279388428,"Y":0.590496301651001},{"X":0.7658123970031738,"Y":0.590496301651001},{"X":0.7658123970031738,"Y":0.6027382612228394},{"X":0.18964040279388428,"Y":0.6027382612228394}]},"BlockType":"QUERY_RESULT","Page":1,"Id":"54b1635d-9266-4a11-89fe-4303b2bb39df","Text":"⑆589325234⑆ 89021142523⑉ 1189 ⑇02212121452⑆","Confidence":1,"SearchKey":"⑆589325234⑆ 89021142523⑉ 1189 ⑇02212121452⑆"},{"BlockType":"QUERY","ColumnIndex":null,"ColumnSpan":null,"Confidence":null,"EntityTypes":null,"Geometry":null,"Hint":null,"Id":"13f95ba8-5c60-4bb0-81fe-fe26771fc461","Page":1,"PageClassification":null,"Query":{"Alias":null,"Pages":null,"Text":"What is the MICR line?"},"Relationships":[{"Type":"ANSWER","Ids":["54b1635d-9266-4a11-89fe-4303b2bb39df"]}],"RowIndex":null,"RowSpan":null,"SelectionStatus":null,"Text":null,"TextType":null}]}