{"DocumentMetadata":{"Pages":1},"Blocks":[{"Geometry":{"BoundingBox":{"Top":0.446968138217926,"Left":0.13653960824012756,"Width":0.19841110706329346,"Height":0.01658499240875244},"Polygon":[{"X":0.13653960824012756,"Y":0.446968138217926},{"X":0.334950715303421,"Y":0.446968138217926},{"X":0.334950715303421,"Y":0.46355313062667847},{"X":0.13653960824012756,"Y":0.46355313062667847}]},"BlockType":"QUERY_RESULT","Page":1,"Id":"95b41a1f-9f01-4a87-9c2c-79f06d9d229b","Text":"Rebbeca Didio","Confidence":1,"SearchKey":"Rebbeca Didio"},{"BlockType":"QUERY","ColumnIndex":null,"ColumnSpan":null,"Confidence":null,"EntityTypes":null,"Geometry":null,"Hint":null,"Id":"f872c996-b9a7-406b-ba30-a86636a4ce3f","Page":1,"PageClassification":null,"Query":{"Alias":null,"Pages":null,"Text":"Who is the payee?"},"Relationships":[{"Type":"ANSWER","Ids":["95b41a1f-9f01-4a87-9c2c-79f06d9d229b"]}],"RowIndex":null,"RowSpan":null,"SelectionStatus":null,"Text":null,"TextType":null},{"BlockType":"QUERY_RESULT","ColumnIndex":null,"ColumnSpan":null,"Confidence":88,"EntityTypes":null,"Geometry":{"BoundingBox":{"Height":0.008709308691322803,"Left":0.8957267999649048,"Top":0.40060967206954956,"Width":0.035344596952199936},"Polygon":[{"X":0.8957267999649048,"Y":0.40060967206954956},{"X":0.9310576319694519,"Y":0.4006441533565521},{"X":0.931071400642395,"Y":0.4093189537525177},{"X":0.8957404494285583,"Y":0.409283846616745}]},"Hint":null,"Id":"9fa96188-07dc-4c92-a9fd-b4ed53fd4e2d","Page":1,"PageClassification":null,"Query":null,"Relationships":null,"RowIndex":null,"RowSpan":null,"SelectionStatus":null,"Text":"1090","TextType":null,"SearchKey":"1090"},{"BlockType":"QUERY","ColumnIndex":null,"ColumnSpan":null,"Confidence":null,"EntityTypes":null,"Geometry":null,"Hint":null,"Id":"9d692f10-2232-49c1-b8fe-a51aead91bc7","Page":1,"PageClassification":null,"Query":{"Alias":null,"Pages":null,"Text":"What is the check#?"},"Relationships":[{"Type":"ANSWER","Ids":["9fa96188-07dc-4c92-a9fd-b4ed53fd4e2d"]}],"RowIndex":null,"RowSpan":null,"SelectionStatus":null,"Text":null,"TextType":null},{"BlockType":"QUERY","ColumnIndex":null,"ColumnSpan":null,"Confidence":null,"EntityTypes":null,"Geometry":null,"Hint":null,"Id":"fab0bcbe-4907-4353-87ab-f066af9ceef5","Page":1,"PageClassification":null,"Query":{"Alias":null,"Pages":null,"Text":"What is the customer name?"},"Relationships":[{"Type":"ANSWER","Ids":[]}],"RowIndex":null,"RowSpan":null,"SelectionStatus":null,"Text":null,"TextType":null},{"Geometry":{"BoundingBox":{"Top":0.5773810148239136,"Left":0.41076767444610596,"Width":0.14824968576431274,"Height":0.010875403881072998},"Polygon":[{"X":0.41076767444610596,"Y":0.5773810148239136},{"X":0.5590173602104187,"Y":0.5773810148239136},{"X":0.5590173602104187,"Y":0.5882564187049866},{"X":0.41076767444610596,"Y":0.5882564187049866}]},"BlockType":"QUERY_RESULT","Page":1,"Id":"ff4ed7e3-a525-4259-b5ca-0140fa4ad397","Text":"12589325478","Confidence":1,"SearchKey":"12589325478⑉"},{"BlockType":"QUERY","ColumnIndex":null,"ColumnSpan":null,"Confidence":null,"EntityTypes":null,"Geometry":null,"Hint":null,"Id":"9241416c-ee18-4b83-8ba8-ebb9ef7acfc2","Page":1,"PageClassification":null,"Query":{"Alias":null,"Pages":null,"Text":"What is the customer account#?"},"Relationships":[{"Type":"ANSWER","Ids":["ff4ed7e3-a525-4259-b5ca-0140fa4ad397"]}],"RowIndex":null,"RowSpan":null,"SelectionStatus":null,"Text":null,"TextType":null},{"BlockType":"QUERY_RESULT","ColumnIndex":null,"ColumnSpan":null,"Confidence":96,"EntityTypes":null,"Geometry":{"BoundingBox":{"Height":0.02486693300306797,"Left":0.17548330128192902,"Top":0.5321721434593201,"Width":0.1646488606929779},"Polygon":[{"X":0.17548330128192902,"Y":0.5321721434593201},{"X":0.3400976061820984,"Y":0.5323757529258728},{"X":0.3401321768760681,"Y":0.5570390820503235},{"X":0.17551657557487488,"Y":0.5568274855613708}]},"Hint":null,"Id":"2b4f417e-7961-4877-8b22-a2b151c16d83","Page":1,"PageClassification":null,"Query":null,"Relationships":null,"RowIndex":null,"RowSpan":null,"SelectionStatus":null,"Text":"1 E 17th St East Gosford NSW 2250","TextType":null,"SearchKey":"1 E 17th St East Gosford NSW 2250"},{"BlockType":"QUERY","ColumnIndex":null,"ColumnSpan":null,"Confidence":null,"EntityTypes":null,"Geometry":null,"Hint":null,"Id":"06731a87-fc4a-4f3e-82b7-36b17acdd271","Page":1,"PageClassification":null,"Query":{"Alias":null,"Pages":null,"Text":"What is the payee address?"},"Relationships":[{"Type":"ANSWER","Ids":["2b4f417e-7961-4877-8b22-a2b151c16d83"]}],"RowIndex":null,"RowSpan":null,"SelectionStatus":null,"Text":null,"TextType":null},{"BlockType":"QUERY_RESULT","ColumnIndex":null,"ColumnSpan":null,"Confidence":99,"EntityTypes":null,"Geometry":{"BoundingBox":{"Height":0.010774134658277035,"Left":0.839093029499054,"Top":0.4462560713291168,"Width":0.09112429618835449},"Polygon":[{"X":0.839093029499054,"Y":0.4462560713291168},{"X":0.9302003383636475,"Y":0.4463532269001007},{"X":0.9302173256874084,"Y":0.45703020691871643},{"X":0.8391096591949463,"Y":0.45693114399909973}]},"Hint":null,"Id":"0086ca76-2a74-4c08-84d4-aeb3ce61d0c0","Page":1,"PageClassification":null,"Query":null,"Relationships":null,"RowIndex":null,"RowSpan":null,"SelectionStatus":null,"Text":"08/01/21","TextType":null,"SearchKey":"08/01/21"},{"BlockType":"QUERY","ColumnIndex":null,"ColumnSpan":null,"Confidence":null,"EntityTypes":null,"Geometry":null,"Hint":null,"Id":"9520b6cc-55f7-4b1c-96bb-33199f37a9c6","Page":1,"PageClassification":null,"Query":{"Alias":null,"Pages":null,"Text":"What is the date?"},"Relationships":[{"Type":"ANSWER","Ids":["0086ca76-2a74-4c08-84d4-aeb3ce61d0c0"]}],"RowIndex":null,"RowSpan":null,"SelectionStatus":null,"Text":null,"TextType":null},{"BlockType":"QUERY_RESULT","ColumnIndex":null,"ColumnSpan":null,"Confidence":96,"EntityTypes":null,"Geometry":{"BoundingBox":{"Height":0.0203228946775198,"Left":0.10912742465734482,"Top":0.4744589626789093,"Width":0.575324296951294},"Polygon":[{"X":0.10912742465734482,"Y":0.4744589626789093},{"X":0.6844220161437988,"Y":0.47510525584220886},{"X":0.684451699256897,"Y":0.49478185176849365},{"X":0.10915353149175644,"Y":0.4941132962703705}]},"Hint":null,"Id":"82a0f56b-a3fe-4942-a0c2-fc8b55b0c610","Page":1,"PageClassification":null,"Query":null,"Relationships":null,"RowIndex":null,"RowSpan":null,"SelectionStatus":null,"Text":"Twenty Nine Thousand Nine Hundred Ninety Two Only","TextType":null,"SearchKey":"Twenty Nine Thousand Nine Hundred Ninety Two Only"},{"BlockType":"QUERY","ColumnIndex":null,"ColumnSpan":null,"Confidence":null,"EntityTypes":null,"Geometry":null,"Hint":null,"Id":"b5a52c21-6695-40fb-9d8a-b82f19581b48","Page":1,"PageClassification":null,"Query":{"Alias":null,"Pages":null,"Text":"What is the check amount in words?"},"Relationships":[{"Type":"ANSWER","Ids":["82a0f56b-a3fe-4942-a0c2-fc8b55b0c610"]}],"RowIndex":null,"RowSpan":null,"SelectionStatus":null,"Text":null,"TextType":null},{"BlockType":"QUERY_RESULT","ColumnIndex":null,"ColumnSpan":null,"Confidence":91,"EntityTypes":null,"Geometry":{"BoundingBox":{"Height":0.011919866316020489,"Left":0.32934489846229553,"Top":0.7575781941413879,"Width":0.07056114822626114},"Polygon":[{"X":0.32934489846229553,"Y":0.7575781941413879},{"X":0.3998892903327942,"Y":0.7576966881752014},{"X":0.39990606904029846,"Y":0.7694981098175049},{"X":0.3293614089488983,"Y":0.7693779468536377}]},"Hint":null,"Id":"e2ef13ea-a022-45b1-bf97-5c621e9157f7","Page":1,"PageClassification":null,"Query":null,"Relationships":null,"RowIndex":null,"RowSpan":null,"SelectionStatus":null,"Text":"$2,010.00","TextType":null,"SearchKey":"$2,010.00"},{"BlockType":"QUERY","ColumnIndex":null,"ColumnSpan":null,"Confidence":null,"EntityTypes":null,"Geometry":null,"Hint":null,"Id":"24542f6a-1e6c-448d-98de-d68a6e98cc3a","Page":1,"PageClassification":null,"Query":{"Alias":null,"Pages":null,"Text":"What is the dollar amount?"},"Relationships":[{"Type":"ANSWER","Ids":["e2ef13ea-a022-45b1-bf97-5c621e9157f7"]}],"RowIndex":null,"RowSpan":null,"SelectionStatus":null,"Text":null,"TextType":null},{"BlockType":"QUERY","ColumnIndex":null,"ColumnSpan":null,"Confidence":null,"EntityTypes":null,"Geometry":null,"Hint":null,"Id":"4cdb787f-7be2-4541-90f0-21d653285a6f","Page":1,"PageClassification":null,"Query":{"Alias":null,"Pages":null,"Text":"What is the account name/payer/drawer name?"},"Relationships":[{"Type":"ANSWER","Ids":[]}],"RowIndex":null,"RowSpan":null,"SelectionStatus":null,"Text":null,"TextType":null},{"BlockType":"QUERY_RESULT","ColumnIndex":null,"ColumnSpan":null,"Confidence":57,"EntityTypes":null,"Geometry":{"BoundingBox":{"Height":0.011185901239514351,"Left":0.2529687285423279,"Top":0.576254665851593,"Width":0.1405554860830307},"Polygon":[{"X":0.2529687285423279,"Y":0.576254665851593},{"X":0.3935086131095886,"Y":0.5764406323432922},{"X":0.3935241997241974,"Y":0.5874406099319458},{"X":0.25298383831977844,"Y":0.5872515439987183}]},"Hint":null,"Id":"eaf4acc8-354f-4c5e-af77-79bfb8e3fbb4","Page":1,"PageClassification":null,"Query":null,"Relationships":null,"RowIndex":null,"RowSpan":null,"SelectionStatus":null,"Text":"758957899","TextType":null,"SearchKey":"758957899"},{"BlockType":"QUERY","ColumnIndex":null,"ColumnSpan":null,"Confidence":null,"EntityTypes":null,"Geometry":null,"Hint":null,"Id":"edd1be0f-1bdc-435b-b6d6-a4aa81dff6c4","Page":1,"PageClassification":null,"Query":{"Alias":null,"Pages":null,"Text":"What is the bank routing number?"},"Relationships":[{"Type":"ANSWER","Ids":["eaf4acc8-354f-4c5e-af77-79bfb8e3fbb4"]}],"RowIndex":null,"RowSpan":null,"SelectionStatus":null,"Text":null,"TextType":null},{"BlockType":"QUERY_RESULT","ColumnIndex":null,"ColumnSpan":null,"Confidence":98,"EntityTypes":null,"Geometry":{"BoundingBox":{"Height":0.009395217522978783,"Left":0.5834932923316956,"Top":0.367963582277298,"Width":0.06409166008234024},"Polygon":[{"X":0.5834932923316956,"Y":0.367963582277298},{"X":0.6475709676742554,"Y":0.368022084236145},{"X":0.6475849747657776,"Y":0.3773587942123413},{"X":0.5835071206092834,"Y":0.37729910016059875}]},"Hint":null,"Id":"574503c7-44fe-4ee0-ad14-3d3d51346e05","Page":1,"PageClassification":null,"Query":null,"Relationships":null,"RowIndex":null,"RowSpan":null,"SelectionStatus":null,"Text":"US BANK","TextType":null,"SearchKey":"US BANK"},{"BlockType":"QUERY","ColumnIndex":null,"ColumnSpan":null,"Confidence":null,"EntityTypes":null,"Geometry":null,"Hint":null,"Id":"99a53bde-5703-49c8-9367-8451409c8068","Page":1,"PageClassification":null,"Query":{"Alias":null,"Pages":null,"Text":"What is the bank name/drawee name?"},"Relationships":[{"Type":"ANSWER","Ids":["574503c7-44fe-4ee0-ad14-3d3d51346e05"]}],"RowIndex":null,"RowSpan":null,"SelectionStatus":null,"Text":null,"TextType":null},{"BlockType":"QUERY","ColumnIndex":null,"ColumnSpan":null,"Confidence":null,"EntityTypes":null,"Geometry":null,"Hint":null,"Id":"a7bedd54-b241-44b7-b259-d77b93a91119","Page":1,"PageClassification":null,"Query":{"Alias":null,"Pages":null,"Text":"What is the memo?"},"Relationships":[{"Type":"ANSWER","Ids":[]}],"RowIndex":null,"RowSpan":null,"SelectionStatus":null,"Text":null,"TextType":null},{"Geometry":{"BoundingBox":{"Top":0.5763829946517944,"Left":0.25333458185195923,"Width":0.5509459972381592,"Height":0.014254093170166016},"Polygon":[{"X":0.25333458185195923,"Y":0.5763829946517944},{"X":0.8042805790901184,"Y":0.5763829946517944},{"X":0.8042805790901184,"Y":0.5906370878219604},{"X":0.25333458185195923,"Y":0.5906370878219604}]},"BlockType":"QUERY_RESULT","Page":1,"Id":"856761ea-64ca-4944-868a-35e286722ff8","Text":"⑆758957899⑆ 12589325478⑉ 1090 ⑇01245785214⑆","Confidence":1,"SearchKey":"⑆758957899⑆ 12589325478⑉ 1090 ⑇01245785214⑆"},{"BlockType":"QUERY","ColumnIndex":null,"ColumnSpan":null,"Confidence":null,"EntityTypes":null,"Geometry":null,"Hint":null,"Id":"c3fd4813-2044-43e9-b7d9-ea0f786d679d","Page":1,"PageClassification":null,"Query":{"Alias":null,"Pages":null,"Text":"What is the MICR line?"},"Relationships":[{"Type":"ANSWER","Ids":["856761ea-64ca-4944-868a-35e286722ff8"]}],"RowIndex":null,"RowSpan":null,"SelectionStatus":null,"Text":null,"TextType":null}]}