{"DocumentMetadata":{"Pages":1},"Blocks":[{"BlockType":"QUERY_RESULT","ColumnIndex":null,"ColumnSpan":null,"Confidence":74,"EntityTypes":null,"Geometry":{"BoundingBox":{"Height":0.012943828478455544,"Left":0.07550036162137985,"Top":0.6647491455078125,"Width":0.10925722867250443},"Polygon":[{"X":0.07550036162137985,"Y":0.6647860407829285},{"X":0.18474796414375305,"Y":0.6647491455078125},{"X":0.18475759029388428,"Y":0.6776562929153442},{"X":0.07550927996635437,"Y":0.6776929497718811}]},"Hint":null,"Id":"c5cd5d04-acb1-4ddb-8a38-6e64f746995e","Page":1,"PageClassification":null,"Query":null,"Relationships":null,"RowIndex":null,"RowSpan":null,"SelectionStatus":null,"Text":"Amira Chudej","TextType":null,"SearchKey":"Amira Chudej"},{"BlockType":"QUERY","ColumnIndex":null,"ColumnSpan":null,"Confidence":null,"EntityTypes":null,"Geometry":null,"Hint":null,"Id":"02be0f6c-f10d-4ae9-8144-dd5723e4ee97","Page":1,"PageClassification":null,"Query":{"Alias":null,"Pages":null,"Text":"Who is the payee?"},"Relationships":[{"Type":"ANSWER","Ids":["c5cd5d04-acb1-4ddb-8a38-6e64f746995e"]}],"RowIndex":null,"RowSpan":null,"SelectionStatus":null,"Text":null,"TextType":null},{"BlockType":"QUERY_RESULT","ColumnIndex":null,"ColumnSpan":null,"Confidence":97,"EntityTypes":null,"Geometry":{"BoundingBox":{"Height":0.012689200229942799,"Left":0.8950272798538208,"Top":0.4004325270652771,"Width":0.03627029061317444},"Polygon":[{"X":0.8950272798538208,"Y":0.40044647455215454},{"X":0.9312833547592163,"Y":0.4004325270652771},{"X":0.9312975406646729,"Y":0.41310784220695496},{"X":0.8950412273406982,"Y":0.4131217300891876}]},"Hint":null,"Id":"bde14dd7-4733-4555-9004-b0aa6c8c1c32","Page":1,"PageClassification":null,"Query":null,"Relationships":null,"RowIndex":null,"RowSpan":null,"SelectionStatus":null,"Text":"2146","TextType":null,"SearchKey":"2146"},{"BlockType":"QUERY","ColumnIndex":null,"ColumnSpan":null,"Confidence":null,"EntityTypes":null,"Geometry":null,"Hint":null,"Id":"f82a0bbb-e7a2-4f31-8c6d-f0ba2749a38b","Page":1,"PageClassification":null,"Query":{"Alias":null,"Pages":null,"Text":"What is the check#?"},"Relationships":[{"Type":"ANSWER","Ids":["bde14dd7-4733-4555-9004-b0aa6c8c1c32"]}],"RowIndex":null,"RowSpan":null,"SelectionStatus":null,"Text":null,"TextType":null},{"BlockType":"QUERY","ColumnIndex":null,"ColumnSpan":null,"Confidence":null,"EntityTypes":null,"Geometry":null,"Hint":null,"Id":"173cd0d7-ae25-49d8-8880-c5dbe9e9787d","Page":1,"PageClassification":null,"Query":{"Alias":null,"Pages":null,"Text":"What is the customer name?"},"Relationships":[{"Type":"ANSWER","Ids":[]}],"RowIndex":null,"RowSpan":null,"SelectionStatus":null,"Text":null,"TextType":null},{"BlockType":"QUERY_RESULT","ColumnIndex":null,"ColumnSpan":null,"Confidence":42,"EntityTypes":null,"Geometry":{"BoundingBox":{"Height":0.011152242310345173,"Left":0.4148463010787964,"Top":0.5808248519897461,"Width":0.15101473033428192},"Polygon":[{"X":0.4148463010787964,"Y":0.5808781385421753},{"X":0.5658506155014038,"Y":0.5808248519897461},{"X":0.5658610463142395,"Y":0.5919240713119507},{"X":0.41485586762428284,"Y":0.591977059841156}]},"Hint":null,"Id":"eae72115-a867-4157-a0ce-80f5fdc267da","Page":1,"PageClassification":null,"Query":null,"Relationships":null,"RowIndex":null,"RowSpan":null,"SelectionStatus":null,"Text":"78452541258","TextType":null,"SearchKey":"78452541258"},{"BlockType":"QUERY","ColumnIndex":null,"ColumnSpan":null,"Confidence":null,"EntityTypes":null,"Geometry":null,"Hint":null,"Id":"670ddb1f-e59d-44f9-b188-fc1c1b89b4aa","Page":1,"PageClassification":null,"Query":{"Alias":null,"Pages":null,"Text":"What is the customer account#?"},"Relationships":[{"Type":"ANSWER","Ids":["eae72115-a867-4157-a0ce-80f5fdc267da"]}],"RowIndex":null,"RowSpan":null,"SelectionStatus":null,"Text":null,"TextType":null},{"BlockType":"QUERY_RESULT","ColumnIndex":null,"ColumnSpan":null,"Confidence":97,"EntityTypes":null,"Geometry":{"BoundingBox":{"Height":0.02573932707309723,"Left":0.17552034556865692,"Top":0.5360846519470215,"Width":0.152104452252388},"Polygon":[{"X":0.17552034556865692,"Y":0.5361395478248596},{"X":0.3276037871837616,"Y":0.5360846519470215},{"X":0.3276247978210449,"Y":0.5617697834968567},{"X":0.17553938925266266,"Y":0.5618239641189575}]},"Hint":null,"Id":"dc74e35f-dd74-483c-afa7-b3d0c9d6a391","Page":1,"PageClassification":null,"Query":null,"Relationships":null,"RowIndex":null,"RowSpan":null,"SelectionStatus":null,"Text":"1 Westpark Dr Salter Point WA 6152","TextType":null,"SearchKey":"1 Westpark Dr Salter Point WA 6152"},{"BlockType":"QUERY","ColumnIndex":null,"ColumnSpan":null,"Confidence":null,"EntityTypes":null,"Geometry":null,"Hint":null,"Id":"b585b294-fd5c-4d0c-b01d-39c80114d9be","Page":1,"PageClassification":null,"Query":{"Alias":null,"Pages":null,"Text":"What is the payee address?"},"Relationships":[{"Type":"ANSWER","Ids":["dc74e35f-dd74-483c-afa7-b3d0c9d6a391"]}],"RowIndex":null,"RowSpan":null,"SelectionStatus":null,"Text":null,"TextType":null},{"BlockType":"QUERY_RESULT","ColumnIndex":null,"ColumnSpan":null,"Confidence":96,"EntityTypes":null,"Geometry":{"BoundingBox":{"Height":0.01204292569309473,"Left":0.8321523070335388,"Top":0.4481355845928192,"Width":0.09127975255250931},"Polygon":[{"X":0.8321523070335388,"Y":0.4481699466705322},{"X":0.9234186410903931,"Y":0.4481355845928192},{"X":0.9234320521354675,"Y":0.4601443409919739},{"X":0.8321651816368103,"Y":0.46017852425575256}]},"Hint":null,"Id":"6c3fb738-993b-4401-a679-f83aae781de0","Page":1,"PageClassification":null,"Query":null,"Relationships":null,"RowIndex":null,"RowSpan":null,"SelectionStatus":null,"Text":"19/61/80","TextType":null,"SearchKey":"19/61/80"},{"BlockType":"QUERY","ColumnIndex":null,"ColumnSpan":null,"Confidence":null,"EntityTypes":null,"Geometry":null,"Hint":null,"Id":"b75b933c-9313-4785-8bbb-1fcb71c6ea21","Page":1,"PageClassification":null,"Query":{"Alias":null,"Pages":null,"Text":"What is the date?"},"Relationships":[{"Type":"ANSWER","Ids":["6c3fb738-993b-4401-a679-f83aae781de0"]}],"RowIndex":null,"RowSpan":null,"SelectionStatus":null,"Text":null,"TextType":null},{"BlockType":"QUERY_RESULT","ColumnIndex":null,"ColumnSpan":null,"Confidence":96,"EntityTypes":null,"Geometry":{"BoundingBox":{"Height":0.022523481398820877,"Left":0.12506341934204102,"Top":0.4772772490978241,"Width":0.4746096730232239},"Polygon":[{"X":0.12506341934204102,"Y":0.4774535000324249},{"X":0.5996517539024353,"Y":0.4772772490978241},{"X":0.5996730923652649,"Y":0.49962636828422546},{"X":0.1250794231891632,"Y":0.49980074167251587}]},"Hint":null,"Id":"c67c74ca-1ca3-456a-a205-9f5b47cd4e4b","Page":1,"PageClassification":null,"Query":null,"Relationships":null,"RowIndex":null,"RowSpan":null,"SelectionStatus":null,"Text":"Twenty Eight Thousand Fifty Only","TextType":null,"SearchKey":"Twenty Eight Thousand Fifty Only"},{"BlockType":"QUERY","ColumnIndex":null,"ColumnSpan":null,"Confidence":null,"EntityTypes":null,"Geometry":null,"Hint":null,"Id":"e27d8809-6733-4b86-8613-ee2470f024cd","Page":1,"PageClassification":null,"Query":{"Alias":null,"Pages":null,"Text":"What is the check amount in words?"},"Relationships":[{"Type":"ANSWER","Ids":["c67c74ca-1ca3-456a-a205-9f5b47cd4e4b"]}],"RowIndex":null,"RowSpan":null,"SelectionStatus":null,"Text":null,"TextType":null},{"BlockType":"QUERY_RESULT","ColumnIndex":null,"ColumnSpan":null,"Confidence":73,"EntityTypes":null,"Geometry":{"BoundingBox":{"Height":0.0170610174536705,"Left":0.806348443031311,"Top":0.47982072830200195,"Width":0.1304609179496765},"Polygon":[{"X":0.806348443031311,"Y":0.4798690974712372},{"X":0.9367902278900146,"Y":0.47982072830200195},{"X":0.9368093609809875,"Y":0.49683377146720886},{"X":0.8063664436340332,"Y":0.49688175320625305}]},"Hint":null,"Id":"fc1b0a39-9737-46b5-914f-05b9435bb5cd","Page":1,"PageClassification":null,"Query":null,"Relationships":null,"RowIndex":null,"RowSpan":null,"SelectionStatus":null,"Text":"$08,060.00","TextType":null,"SearchKey":"$08,060.00"},{"BlockType":"QUERY","ColumnIndex":null,"ColumnSpan":null,"Confidence":null,"EntityTypes":null,"Geometry":null,"Hint":null,"Id":"d0c71b0d-9d1f-4efe-902b-c34a449ca388","Page":1,"PageClassification":null,"Query":{"Alias":null,"Pages":null,"Text":"What is the dollar amount?"},"Relationships":[{"Type":"ANSWER","Ids":["fc1b0a39-9737-46b5-914f-05b9435bb5cd"]}],"RowIndex":null,"RowSpan":null,"SelectionStatus":null,"Text":null,"TextType":null},{"BlockType":"QUERY","ColumnIndex":null,"ColumnSpan":null,"Confidence":null,"EntityTypes":null,"Geometry":null,"Hint":null,"Id":"205d422c-3a17-407c-9370-cbcd4b6323b8","Page":1,"PageClassification":null,"Query":{"Alias":null,"Pages":null,"Text":"What is the account name/payer/drawer name?"},"Relationships":[{"Type":"ANSWER","Ids":[]}],"RowIndex":null,"RowSpan":null,"SelectionStatus":null,"Text":null,"TextType":null},{"BlockType":"QUERY_RESULT","ColumnIndex":null,"ColumnSpan":null,"Confidence":85,"EntityTypes":null,"Geometry":{"BoundingBox":{"Height":0.01139178778976202,"Left":0.2572207748889923,"Top":0.5804251432418823,"Width":0.1416834592819214},"Polygon":[{"X":0.2572207748889923,"Y":0.5804751515388489},{"X":0.3988945484161377,"Y":0.5804251432418823},{"X":0.3989042341709137,"Y":0.5917671918869019},{"X":0.25722962617874146,"Y":0.5918169021606445}]},"Hint":null,"Id":"39d02bc3-a786-4eea-9089-cb9d4295eea8","Page":1,"PageClassification":null,"Query":null,"Relationships":null,"RowIndex":null,"RowSpan":null,"SelectionStatus":null,"Text":"145258238","TextType":null,"SearchKey":"145258238"},{"BlockType":"QUERY","ColumnIndex":null,"ColumnSpan":null,"Confidence":null,"EntityTypes":null,"Geometry":null,"Hint":null,"Id":"aab16b57-4285-4c6a-afa4-a872f603e0ea","Page":1,"PageClassification":null,"Query":{"Alias":null,"Pages":null,"Text":"What is the bank routing number?"},"Relationships":[{"Type":"ANSWER","Ids":["39d02bc3-a786-4eea-9089-cb9d4295eea8"]}],"RowIndex":null,"RowSpan":null,"SelectionStatus":null,"Text":null,"TextType":null},{"BlockType":"QUERY_RESULT","ColumnIndex":null,"ColumnSpan":null,"Confidence":98,"EntityTypes":null,"Geometry":{"BoundingBox":{"Height":0.010698173195123672,"Left":0.5828822255134583,"Top":0.370189905166626,"Width":0.06459677964448929},"Polygon":[{"X":0.5828822255134583,"Y":0.37021511793136597},{"X":0.6474685668945312,"Y":0.370189905166626},{"X":0.6474789977073669,"Y":0.3808629810810089},{"X":0.5828923583030701,"Y":0.38088807463645935}]},"Hint":null,"Id":"ab01c5d8-d3a0-429a-a531-1a2c3cfd2990","Page":1,"PageClassification":null,"Query":null,"Relationships":null,"RowIndex":null,"RowSpan":null,"SelectionStatus":null,"Text":"US BANK","TextType":null,"SearchKey":"US BANK"},{"BlockType":"QUERY","ColumnIndex":null,"ColumnSpan":null,"Confidence":null,"EntityTypes":null,"Geometry":null,"Hint":null,"Id":"65d60062-d3ad-4b9c-9c14-78a57215df48","Page":1,"PageClassification":null,"Query":{"Alias":null,"Pages":null,"Text":"What is the bank name/drawee name?"},"Relationships":[{"Type":"ANSWER","Ids":["ab01c5d8-d3a0-429a-a531-1a2c3cfd2990"]}],"RowIndex":null,"RowSpan":null,"SelectionStatus":null,"Text":null,"TextType":null},{"BlockType":"QUERY","ColumnIndex":null,"ColumnSpan":null,"Confidence":null,"EntityTypes":null,"Geometry":null,"Hint":null,"Id":"c864c4a5-3106-402a-98e3-cb8cc571cc28","Page":1,"PageClassification":null,"Query":{"Alias":null,"Pages":null,"Text":"What is the memo?"},"Relationships":[{"Type":"ANSWER","Ids":[]}],"RowIndex":null,"RowSpan":null,"SelectionStatus":null,"Text":null,"TextType":null},{"Geometry":{"BoundingBox":{"Top":0.5805453658103943,"Left":0.25755080580711365,"Width":0.5535178482532501,"Height":0.013000428676605225},"Polygon":[{"X":0.25755080580711365,"Y":0.5805453658103943},{"X":0.8110686540603638,"Y":0.5805453658103943},{"X":0.8110686540603638,"Y":0.5935457944869995},{"X":0.25755080580711365,"Y":0.5935457944869995}]},"BlockType":"QUERY_RESULT","Page":1,"Id":"c26843ba-f6b3-4576-963e-7e0ae2cdf427","Text":"⑆145258238⑆ 78452541258⑉ 2145 ⑇12547852145⑆","Confidence":1,"SearchKey":"⑆145258238⑆ 78452541258⑉ 2145 ⑇12547852145⑆"},{"BlockType":"QUERY","ColumnIndex":null,"ColumnSpan":null,"Confidence":null,"EntityTypes":null,"Geometry":null,"Hint":null,"Id":"c1a460a8-da51-4716-af64-29d569eea47e","Page":1,"PageClassification":null,"Query":{"Alias":null,"Pages":null,"Text":"What is the MICR line?"},"Relationships":[{"Type":"ANSWER","Ids":["c26843ba-f6b3-4576-963e-7e0ae2cdf427"]}],"RowIndex":null,"RowSpan":null,"SelectionStatus":null,"Text":null,"TextType":null}]}