{"DocumentMetadata":{"Pages":1},"Blocks":[{"BlockType":"QUERY_RESULT","ColumnIndex":null,"ColumnSpan":null,"Confidence":58.999996185302734,"EntityTypes":null,"Geometry":{"BoundingBox":{"Height":0.010286178439855576,"Left":0.062033336609601974,"Top":0.21832893788814545,"Width":0.09596200287342072},"Polygon":[{"X":0.06203567981719971,"Y":0.21832893788814545},{"X":0.157995343208313,"Y":0.21834692358970642},{"X":0.15799328684806824,"Y":0.22861512005329132},{"X":0.062033336609601974,"Y":0.22859695553779602}]},"Hint":null,"Id":"deeafb79-c121-4264-8367-780ed0b66607","Page":1,"PageClassification":null,"Query":null,"Relationships":null,"RowIndex":null,"RowSpan":null,"SelectionStatus":null,"Text":"Carin Redlon","TextType":null,"SearchKey":"Carin Redlon"},{"BlockType":"QUERY","ColumnIndex":null,"ColumnSpan":null,"Confidence":null,"EntityTypes":null,"Geometry":null,"Hint":null,"Id":"0825c11b-a559-439a-9859-0b9f17faba98","Page":1,"PageClassification":null,"Query":{"Alias":null,"Pages":null,"Text":"Who is the payee?"},"Relationships":[{"Type":"ANSWER","Ids":["deeafb79-c121-4264-8367-780ed0b66607"]}],"RowIndex":null,"RowSpan":null,"SelectionStatus":null,"Text":null,"TextType":null},{"BlockType":"QUERY_RESULT","ColumnIndex":null,"ColumnSpan":null,"Confidence":99,"EntityTypes":null,"Geometry":{"BoundingBox":{"Height":0.01598268747329712,"Left":0.9032094478607178,"Top":0.02337484061717987,"Width":0.062108300626277924},"Polygon":[{"X":0.9032094478607178,"Y":0.02337484061717987},{"X":0.9653170108795166,"Y":0.02338414452970028},{"X":0.9653177261352539,"Y":0.03935752809047699},{"X":0.9032098650932312,"Y":0.03934803232550621}]},"Hint":null,"Id":"237987b4-1aac-47dc-b5ba-7e0ed53085d8","Page":1,"PageClassification":null,"Query":null,"Relationships":null,"RowIndex":null,"RowSpan":null,"SelectionStatus":null,"Text":"4870","TextType":null,"SearchKey":"4870"},{"BlockType":"QUERY","ColumnIndex":null,"ColumnSpan":null,"Confidence":null,"EntityTypes":null,"Geometry":null,"Hint":null,"Id":"75577165-2a64-4a56-95f3-699d413f1840","Page":1,"PageClassification":null,"Query":{"Alias":null,"Pages":null,"Text":"What is the check#?"},"Relationships":[{"Type":"ANSWER","Ids":["237987b4-1aac-47dc-b5ba-7e0ed53085d8"]}],"RowIndex":null,"RowSpan":null,"SelectionStatus":null,"Text":null,"TextType":null},{"BlockType":"QUERY","ColumnIndex":null,"ColumnSpan":null,"Confidence":null,"EntityTypes":null,"Geometry":null,"Hint":null,"Id":"0f7904a7-0957-4755-8c61-5b0a16062e64","Page":1,"PageClassification":null,"Query":{"Alias":null,"Pages":null,"Text":"What is the customer name?"},"Relationships":[{"Type":"ANSWER","Ids":[]}],"RowIndex":null,"RowSpan":null,"SelectionStatus":null,"Text":null,"TextType":null},{"Geometry":{"BoundingBox":{"Top":0.31044313311576843,"Left":0.36441993713378906,"Width":0.1609938144683838,"Height":0.011129140853881836},"Polygon":[{"X":0.36441993713378906,"Y":0.31044313311576843},{"X":0.5254137516021729,"Y":0.31044313311576843},{"X":0.5254137516021729,"Y":0.32157227396965027},{"X":0.36441993713378906,"Y":0.32157227396965027}]},"BlockType":"QUERY_RESULT","Page":1,"Id":"b06da334-9d85-4bbc-9bd2-debaed13884b","Text":"24100872001","Confidence":1,"SearchKey":"24100872001⑉"},{"BlockType":"QUERY","ColumnIndex":null,"ColumnSpan":null,"Confidence":null,"EntityTypes":null,"Geometry":null,"Hint":null,"Id":"2945ffe8-f087-4bb8-b8c7-18032252738e","Page":1,"PageClassification":null,"Query":{"Alias":null,"Pages":null,"Text":"What is the customer account#?"},"Relationships":[{"Type":"ANSWER","Ids":["b06da334-9d85-4bbc-9bd2-debaed13884b"]}],"RowIndex":null,"RowSpan":null,"SelectionStatus":null,"Text":null,"TextType":null},{"Geometry":{"BoundingBox":{"Top":0.23601853847503662,"Left":0.06126033514738083,"Width":0.12953437119722366,"Height":0.027807772159576416},"Polygon":[{"X":0.06126033514738083,"Y":0.23601853847503662},{"X":0.1907947063446045,"Y":0.23601853847503662},{"X":0.1907947063446045,"Y":0.26382631063461304},{"X":0.06126033514738083,"Y":0.26382631063461304}]},"BlockType":"QUERY_RESULT","Page":1,"Id":"8b7e188d-8729-45a5-86e2-7863414f932b","Text":"6 W Cornelia Ave Tarawera","Confidence":1,"SearchKey":"6 W Cornelia Ave Tarawera"},{"BlockType":"QUERY","ColumnIndex":null,"ColumnSpan":null,"Confidence":null,"EntityTypes":null,"Geometry":null,"Hint":null,"Id":"93f7b29e-2945-4086-a629-3b8d2f38f754","Page":1,"PageClassification":null,"Query":{"Alias":null,"Pages":null,"Text":"What is the payee address?"},"Relationships":[{"Type":"ANSWER","Ids":["8b7e188d-8729-45a5-86e2-7863414f932b"]}],"RowIndex":null,"RowSpan":null,"SelectionStatus":null,"Text":null,"TextType":null},{"BlockType":"QUERY_RESULT","ColumnIndex":null,"ColumnSpan":null,"Confidence":97,"EntityTypes":null,"Geometry":{"BoundingBox":{"Height":0.0125875324010849,"Left":0.1249198392033577,"Top":0.26968204975128174,"Width":0.18628789484500885},"Polygon":[{"X":0.12492246180772781,"Y":0.26968204975128174},{"X":0.31120774149894714,"Y":0.2697187662124634},{"X":0.31120580434799194,"Y":0.28226956725120544},{"X":0.1249198392033577,"Y":0.2822323739528656}]},"Hint":null,"Id":"078cc93b-6e64-4e48-a25c-3c183572e61f","Page":1,"PageClassification":null,"Query":null,"Relationships":null,"RowIndex":null,"RowSpan":null,"SelectionStatus":null,"Text":"12/06/2018-13/07/2018","TextType":null,"SearchKey":"12/06/2018-13/07/2018"},{"BlockType":"QUERY","ColumnIndex":null,"ColumnSpan":null,"Confidence":null,"EntityTypes":null,"Geometry":null,"Hint":null,"Id":"c7d997a4-fccf-40d9-b9f3-ba3538041153","Page":1,"PageClassification":null,"Query":{"Alias":null,"Pages":null,"Text":"What is the date?"},"Relationships":[{"Type":"ANSWER","Ids":["078cc93b-6e64-4e48-a25c-3c183572e61f"]}],"RowIndex":null,"RowSpan":null,"SelectionStatus":null,"Text":null,"TextType":null},{"BlockType":"QUERY_RESULT","ColumnIndex":null,"ColumnSpan":null,"Confidence":79,"EntityTypes":null,"Geometry":{"BoundingBox":{"Height":0.012609369121491909,"Left":0.15396997332572937,"Top":0.17271052300930023,"Width":0.3298354148864746},"Polygon":[{"X":0.15397249162197113,"Y":0.17271052300930023},{"X":0.483805388212204,"Y":0.17276941239833832},{"X":0.4838041365146637,"Y":0.18531988561153412},{"X":0.15396997332572937,"Y":0.18526019155979156}]},"Hint":null,"Id":"9e6e11bc-df06-4828-b8cd-b38235baddb1","Page":1,"PageClassification":null,"Query":null,"Relationships":null,"RowIndex":null,"RowSpan":null,"SelectionStatus":null,"Text":"NINETY THOUSAND SIX HUNDRED 00/100 ONLY","TextType":null,"SearchKey":"NINETY THOUSAND SIX HUNDRED 00/100 ONLY"},{"BlockType":"QUERY","ColumnIndex":null,"ColumnSpan":null,"Confidence":null,"EntityTypes":null,"Geometry":null,"Hint":null,"Id":"b639ac76-8a2d-443d-b9cc-dc1786cecbfe","Page":1,"PageClassification":null,"Query":{"Alias":null,"Pages":null,"Text":"What is the check amount in words?"},"Relationships":[{"Type":"ANSWER","Ids":["9e6e11bc-df06-4828-b8cd-b38235baddb1"]}],"RowIndex":null,"RowSpan":null,"SelectionStatus":null,"Text":null,"TextType":null},{"BlockType":"QUERY_RESULT","ColumnIndex":null,"ColumnSpan":null,"Confidence":70,"EntityTypes":null,"Geometry":{"BoundingBox":{"Height":0.016563141718506813,"Left":0.8427175879478455,"Top":0.16769888997077942,"Width":0.10082743316888809},"Polygon":[{"X":0.8427175879478455,"Y":0.16769888997077942},{"X":0.9435443878173828,"Y":0.16771680116653442},{"X":0.9435449838638306,"Y":0.18426203727722168},{"X":0.842717707157135,"Y":0.1842438131570816}]},"Hint":null,"Id":"fc1421f6-15a2-4acb-bd2a-925a62b6537e","Page":1,"PageClassification":null,"Query":null,"Relationships":null,"RowIndex":null,"RowSpan":null,"SelectionStatus":null,"Text":"$90,600.00","TextType":null,"SearchKey":"$90,600.00"},{"BlockType":"QUERY","ColumnIndex":null,"ColumnSpan":null,"Confidence":null,"EntityTypes":null,"Geometry":null,"Hint":null,"Id":"ffbc7a52-68af-462f-9667-261a979723e2","Page":1,"PageClassification":null,"Query":{"Alias":null,"Pages":null,"Text":"What is the dollar amount?"},"Relationships":[{"Type":"ANSWER","Ids":["fc1421f6-15a2-4acb-bd2a-925a62b6537e"]}],"RowIndex":null,"RowSpan":null,"SelectionStatus":null,"Text":null,"TextType":null},{"BlockType":"QUERY","ColumnIndex":null,"ColumnSpan":null,"Confidence":null,"EntityTypes":null,"Geometry":null,"Hint":null,"Id":"e20b8501-ddfc-4779-a58d-7f56f5af4355","Page":1,"PageClassification":null,"Query":{"Alias":null,"Pages":null,"Text":"What is the account name/payer/drawer name?"},"Relationships":[{"Type":"ANSWER","Ids":[]}],"RowIndex":null,"RowSpan":null,"SelectionStatus":null,"Text":null,"TextType":null},{"BlockType":"QUERY_RESULT","ColumnIndex":null,"ColumnSpan":null,"Confidence":66,"EntityTypes":null,"Geometry":{"BoundingBox":{"Height":0.011002271436154842,"Left":0.21306627988815308,"Top":0.3105584383010864,"Width":0.1326143741607666},"Polygon":[{"X":0.21306827664375305,"Y":0.3105584383010864},{"X":0.3456806540489197,"Y":0.3105856478214264},{"X":0.3456791043281555,"Y":0.32156071066856384},{"X":0.21306627988815308,"Y":0.3215332329273224}]},"Hint":null,"Id":"248c6b08-796e-45bd-b011-b3fa09538b95","Page":1,"PageClassification":null,"Query":null,"Relationships":null,"RowIndex":null,"RowSpan":null,"SelectionStatus":null,"Text":"222290115","TextType":null,"SearchKey":"222290115"},{"BlockType":"QUERY","ColumnIndex":null,"ColumnSpan":null,"Confidence":null,"EntityTypes":null,"Geometry":null,"Hint":null,"Id":"c0c5a17e-4ecf-4846-a74d-9a2f0b82f832","Page":1,"PageClassification":null,"Query":{"Alias":null,"Pages":null,"Text":"What is the bank routing number?"},"Relationships":[{"Type":"ANSWER","Ids":["248c6b08-796e-45bd-b011-b3fa09538b95"]}],"RowIndex":null,"RowSpan":null,"SelectionStatus":null,"Text":null,"TextType":null},{"Geometry":{"BoundingBox":{"Top":0.02946081943809986,"Left":0.6204617023468018,"Width":0.14458924531936646,"Height":0.010535938665270805},"Polygon":[{"X":0.6204617023468018,"Y":0.02946081943809986},{"X":0.7650509476661682,"Y":0.02946081943809986},{"X":0.7650509476661682,"Y":0.039996758103370667},{"X":0.6204617023468018,"Y":0.039996758103370667}]},"BlockType":"QUERY_RESULT","Page":1,"Id":"7cbb9f1d-c4c5-4129-832c-d436291266ce","Text":"Bank of America","Confidence":1,"SearchKey":"Bank of America"},{"BlockType":"QUERY","ColumnIndex":null,"ColumnSpan":null,"Confidence":null,"EntityTypes":null,"Geometry":null,"Hint":null,"Id":"bf7a4a30-ac45-4230-9207-4a9021d3a9cb","Page":1,"PageClassification":null,"Query":{"Alias":null,"Pages":null,"Text":"What is the bank name/drawee name?"},"Relationships":[{"Type":"ANSWER","Ids":["7cbb9f1d-c4c5-4129-832c-d436291266ce"]}],"RowIndex":null,"RowSpan":null,"SelectionStatus":null,"Text":null,"TextType":null},{"BlockType":"QUERY_RESULT","ColumnIndex":null,"ColumnSpan":null,"Confidence":98,"EntityTypes":null,"Geometry":{"BoundingBox":{"Height":0.0125875324010849,"Left":0.1249198392033577,"Top":0.26968204975128174,"Width":0.18628789484500885},"Polygon":[{"X":0.12492246180772781,"Y":0.26968204975128174},{"X":0.31120774149894714,"Y":0.2697187662124634},{"X":0.31120580434799194,"Y":0.28226956725120544},{"X":0.1249198392033577,"Y":0.2822323739528656}]},"Hint":null,"Id":"04f2dd12-e641-4a2a-899b-d1eb0b535974","Page":1,"PageClassification":null,"Query":null,"Relationships":null,"RowIndex":null,"RowSpan":null,"SelectionStatus":null,"Text":"12/06/2018-13/07/2018","TextType":null,"SearchKey":"12/06/2018-13/07/2018"},{"BlockType":"QUERY","ColumnIndex":null,"ColumnSpan":null,"Confidence":null,"EntityTypes":null,"Geometry":null,"Hint":null,"Id":"e81cf1b3-5e51-415f-8aa7-b97eb30ae423","Page":1,"PageClassification":null,"Query":{"Alias":null,"Pages":null,"Text":"What is the memo?"},"Relationships":[{"Type":"ANSWER","Ids":["04f2dd12-e641-4a2a-899b-d1eb0b535974"]}],"RowIndex":null,"RowSpan":null,"SelectionStatus":null,"Text":null,"TextType":null},{"Geometry":{"BoundingBox":{"Top":0.3103676736354828,"Left":0.18068647384643555,"Width":0.6069142818450928,"Height":0.011424094438552856},"Polygon":[{"X":0.18068647384643555,"Y":0.3103676736354828},{"X":0.7876007556915283,"Y":0.3103676736354828},{"X":0.7876007556915283,"Y":0.32179176807403564},{"X":0.18068647384643555,"Y":0.32179176807403564}]},"BlockType":"QUERY_RESULT","Page":1,"Id":"3320abcd-d498-4b37-b3f6-b6a66aef9886","Text":"⑆ 222290115⑆ 24100872001⑉ 4870⑇ 24871030410⑆","Confidence":1,"SearchKey":"⑆ 222290115⑆ 24100872001⑉ 4870⑇ 24871030410⑆"},{"BlockType":"QUERY","ColumnIndex":null,"ColumnSpan":null,"Confidence":null,"EntityTypes":null,"Geometry":null,"Hint":null,"Id":"e4741fe5-0861-4e69-a192-94ee3155c911","Page":1,"PageClassification":null,"Query":{"Alias":null,"Pages":null,"Text":"What is the MICR line?"},"Relationships":[{"Type":"ANSWER","Ids":["3320abcd-d498-4b37-b3f6-b6a66aef9886"]}],"RowIndex":null,"RowSpan":null,"SelectionStatus":null,"Text":null,"TextType":null}]}