{"DocumentMetadata":{"Pages":1},"Blocks":[{"BlockType":"QUERY_RESULT","ColumnIndex":null,"ColumnSpan":null,"Confidence":96,"EntityTypes":null,"Geometry":{"BoundingBox":{"Height":0.013764714822173119,"Left":0.03723691776394844,"Top":0.0652477890253067,"Width":0.13929282128810883},"Polygon":[{"X":0.03723691776394844,"Y":0.0652477890253067},{"X":0.17652863264083862,"Y":0.0652482882142067},{"X":0.17652975022792816,"Y":0.07901250571012497},{"X":0.03723740950226784,"Y":0.07901164144277573}]},"Hint":null,"Id":"13dd8515-b7ca-4d20-8aa7-3e9cda9e2ec9","Page":1,"PageClassification":null,"Query":null,"Relationships":null,"RowIndex":null,"RowSpan":null,"SelectionStatus":null,"Text":"Shawna Albrough","TextType":null,"SearchKey":"Shawna Albrough"},{"BlockType":"QUERY","ColumnIndex":null,"ColumnSpan":null,"Confidence":null,"EntityTypes":null,"Geometry":null,"Hint":null,"Id":"51fe0663-60f3-4221-a83a-9db0e5608f61","Page":1,"PageClassification":null,"Query":{"Alias":null,"Pages":null,"Text":"Who is the payee?"},"Relationships":[{"Type":"ANSWER","Ids":["13dd8515-b7ca-4d20-8aa7-3e9cda9e2ec9"]}],"RowIndex":null,"RowSpan":null,"SelectionStatus":null,"Text":null,"TextType":null},{"BlockType":"QUERY_RESULT","ColumnIndex":null,"ColumnSpan":null,"Confidence":99,"EntityTypes":null,"Geometry":{"BoundingBox":{"Height":0.010310608893632889,"Left":0.5996889472007751,"Top":0.27042919397354126,"Width":0.03611475229263306},"Polygon":[{"X":0.5996889472007751,"Y":0.27042919397354126},{"X":0.6358013153076172,"Y":0.2704307734966278},{"X":0.6358036994934082,"Y":0.28073981404304504},{"X":0.5996911525726318,"Y":0.2807381749153137}]},"Hint":null,"Id":"603ec641-8f1c-4f69-9da2-61ecf5341071","Page":1,"PageClassification":null,"Query":null,"Relationships":null,"RowIndex":null,"RowSpan":null,"SelectionStatus":null,"Text":"2451","TextType":null,"SearchKey":"2451"},{"BlockType":"QUERY","ColumnIndex":null,"ColumnSpan":null,"Confidence":null,"EntityTypes":null,"Geometry":null,"Hint":null,"Id":"0464e776-b18e-4d4e-87f7-b6d7059b6e34","Page":1,"PageClassification":null,"Query":{"Alias":null,"Pages":null,"Text":"What is the check#?"},"Relationships":[{"Type":"ANSWER","Ids":["603ec641-8f1c-4f69-9da2-61ecf5341071"]}],"RowIndex":null,"RowSpan":null,"SelectionStatus":null,"Text":null,"TextType":null},{"BlockType":"QUERY","ColumnIndex":null,"ColumnSpan":null,"Confidence":null,"EntityTypes":null,"Geometry":null,"Hint":null,"Id":"ff9f1ef3-d0d4-4f75-951d-7b6d1dbdc1b9","Page":1,"PageClassification":null,"Query":{"Alias":null,"Pages":null,"Text":"What is the customer name?"},"Relationships":[{"Type":"ANSWER","Ids":[]}],"RowIndex":null,"RowSpan":null,"SelectionStatus":null,"Text":null,"TextType":null},{"Geometry":{"BoundingBox":{"Top":0.5908421874046326,"Left":0.3545404374599457,"Width":0.15675386786460876,"Height":0.011794447898864746},"Polygon":[{"X":0.3545404374599457,"Y":0.5908421874046326},{"X":0.5112943053245544,"Y":0.5908421874046326},{"X":0.5112943053245544,"Y":0.6026366353034973},{"X":0.3545404374599457,"Y":0.6026366353034973}]},"BlockType":"QUERY_RESULT","Page":1,"Id":"d113bc3b-0d6e-47b7-a8fb-c667c0b7c9bb","Text":"25874123598","Confidence":1,"SearchKey":"25874123598⑉"},{"BlockType":"QUERY","ColumnIndex":null,"ColumnSpan":null,"Confidence":null,"EntityTypes":null,"Geometry":null,"Hint":null,"Id":"c98bf9c9-c40e-4e72-ad6b-8f61768715dc","Page":1,"PageClassification":null,"Query":{"Alias":null,"Pages":null,"Text":"What is the customer account#?"},"Relationships":[{"Type":"ANSWER","Ids":["d113bc3b-0d6e-47b7-a8fb-c667c0b7c9bb"]}],"RowIndex":null,"RowSpan":null,"SelectionStatus":null,"Text":null,"TextType":null},{"BlockType":"QUERY","ColumnIndex":null,"ColumnSpan":null,"Confidence":null,"EntityTypes":null,"Geometry":null,"Hint":null,"Id":"52f2c1cb-a19d-45d8-8648-3fa19f43a54b","Page":1,"PageClassification":null,"Query":{"Alias":null,"Pages":null,"Text":"What is the payee address?"},"Relationships":[{"Type":"ANSWER","Ids":[]}],"RowIndex":null,"RowSpan":null,"SelectionStatus":null,"Text":null,"TextType":null},{"BlockType":"QUERY_RESULT","ColumnIndex":null,"ColumnSpan":null,"Confidence":99,"EntityTypes":null,"Geometry":{"BoundingBox":{"Height":0.014561240561306477,"Left":0.8179805874824524,"Top":0.4081052541732788,"Width":0.07537979632616043},"Polygon":[{"X":0.8179805874824524,"Y":0.4081052541732788},{"X":0.8933558464050293,"Y":0.40811052918434143},{"X":0.8933603763580322,"Y":0.4226665198802948},{"X":0.8179847598075867,"Y":0.42266103625297546}]},"Hint":null,"Id":"08c82fac-2958-4268-9589-0104fac6bc82","Page":1,"PageClassification":null,"Query":null,"Relationships":null,"RowIndex":null,"RowSpan":null,"SelectionStatus":null,"Text":"07/01/21","TextType":null,"SearchKey":"07/01/21"},{"BlockType":"QUERY","ColumnIndex":null,"ColumnSpan":null,"Confidence":null,"EntityTypes":null,"Geometry":null,"Hint":null,"Id":"cfe3d11a-9b97-4a97-bcbc-6294b1087a2c","Page":1,"PageClassification":null,"Query":{"Alias":null,"Pages":null,"Text":"What is the date?"},"Relationships":[{"Type":"ANSWER","Ids":["08c82fac-2958-4268-9589-0104fac6bc82"]}],"RowIndex":null,"RowSpan":null,"SelectionStatus":null,"Text":null,"TextType":null},{"BlockType":"QUERY_RESULT","ColumnIndex":null,"ColumnSpan":null,"Confidence":96,"EntityTypes":null,"Geometry":{"BoundingBox":{"Height":0.013984213583171368,"Left":0.22055840492248535,"Top":0.4741646349430084,"Width":0.4223586916923523},"Polygon":[{"X":0.22055840492248535,"Y":0.4741646349430084},{"X":0.6429138779640198,"Y":0.47419941425323486},{"X":0.6429170966148376,"Y":0.48814883828163147},{"X":0.2205597311258316,"Y":0.4881128966808319}]},"Hint":null,"Id":"f212678b-2726-4a00-b851-50f763d481f8","Page":1,"PageClassification":null,"Query":null,"Relationships":null,"RowIndex":null,"RowSpan":null,"SelectionStatus":null,"Text":"Twenty Five Thousand Three Hundred And Forty Only","TextType":null,"SearchKey":"Twenty Five Thousand Three Hundred And Forty Only"},{"BlockType":"QUERY","ColumnIndex":null,"ColumnSpan":null,"Confidence":null,"EntityTypes":null,"Geometry":null,"Hint":null,"Id":"13d27942-edfc-44db-827f-54bdd50b8a44","Page":1,"PageClassification":null,"Query":{"Alias":null,"Pages":null,"Text":"What is the check amount in words?"},"Relationships":[{"Type":"ANSWER","Ids":["f212678b-2726-4a00-b851-50f763d481f8"]}],"RowIndex":null,"RowSpan":null,"SelectionStatus":null,"Text":null,"TextType":null},{"BlockType":"QUERY_RESULT","ColumnIndex":null,"ColumnSpan":null,"Confidence":77,"EntityTypes":null,"Geometry":{"BoundingBox":{"Height":0.017600271850824356,"Left":0.7190757393836975,"Top":0.4936138987541199,"Width":0.1272008866071701},"Polygon":[{"X":0.7190757393836975,"Y":0.4936138987541199},{"X":0.8462713956832886,"Y":0.49362486600875854},{"X":0.8462766408920288,"Y":0.5112141966819763},{"X":0.7190802097320557,"Y":0.5112027525901794}]},"Hint":null,"Id":"b42d29e5-32fd-4d5e-88d8-b032e4800d46","Page":1,"PageClassification":null,"Query":null,"Relationships":null,"RowIndex":null,"RowSpan":null,"SelectionStatus":null,"Text":"$25,340.00","TextType":null,"SearchKey":"$25,340.00"},{"BlockType":"QUERY","ColumnIndex":null,"ColumnSpan":null,"Confidence":null,"EntityTypes":null,"Geometry":null,"Hint":null,"Id":"bffbbf15-d60b-4b81-9313-5ac96ecbd6b7","Page":1,"PageClassification":null,"Query":{"Alias":null,"Pages":null,"Text":"What is the dollar amount?"},"Relationships":[{"Type":"ANSWER","Ids":["b42d29e5-32fd-4d5e-88d8-b032e4800d46"]}],"RowIndex":null,"RowSpan":null,"SelectionStatus":null,"Text":null,"TextType":null},{"BlockType":"QUERY","ColumnIndex":null,"ColumnSpan":null,"Confidence":null,"EntityTypes":null,"Geometry":null,"Hint":null,"Id":"805f9ed5-1386-4c63-84f9-698723ab2aa6","Page":1,"PageClassification":null,"Query":{"Alias":null,"Pages":null,"Text":"What is the account name/payer/drawer name?"},"Relationships":[{"Type":"ANSWER","Ids":[]}],"RowIndex":null,"RowSpan":null,"SelectionStatus":null,"Text":null,"TextType":null},{"BlockType":"QUERY_RESULT","ColumnIndex":null,"ColumnSpan":null,"Confidence":67,"EntityTypes":null,"Geometry":{"BoundingBox":{"Height":0.012254639528691769,"Left":0.18920008838176727,"Top":0.590424656867981,"Width":0.1466122716665268},"Polygon":[{"X":0.18920008838176727,"Y":0.590424656867981},{"X":0.33581075072288513,"Y":0.590440034866333},{"X":0.33581236004829407,"Y":0.6026793122291565},{"X":0.18920113146305084,"Y":0.6026635766029358}]},"Hint":null,"Id":"efe5a454-4674-476e-834e-3451e7b0db4e","Page":1,"PageClassification":null,"Query":null,"Relationships":null,"RowIndex":null,"RowSpan":null,"SelectionStatus":null,"Text":"212325418","TextType":null,"SearchKey":"212325418"},{"BlockType":"QUERY","ColumnIndex":null,"ColumnSpan":null,"Confidence":null,"EntityTypes":null,"Geometry":null,"Hint":null,"Id":"6275323f-f8bb-4dfb-94eb-74fa30f632e0","Page":1,"PageClassification":null,"Query":{"Alias":null,"Pages":null,"Text":"What is the bank routing number?"},"Relationships":[{"Type":"ANSWER","Ids":["efe5a454-4674-476e-834e-3451e7b0db4e"]}],"RowIndex":null,"RowSpan":null,"SelectionStatus":null,"Text":null,"TextType":null},{"BlockType":"QUERY_RESULT","ColumnIndex":null,"ColumnSpan":null,"Confidence":97,"EntityTypes":null,"Geometry":{"BoundingBox":{"Height":0.01457777339965105,"Left":0.1663854718208313,"Top":0.3492390513420105,"Width":0.39878085255622864},"Polygon":[{"X":0.1663854718208313,"Y":0.3492390513420105},{"X":0.5651633143424988,"Y":0.3492622971534729},{"X":0.5651662945747375,"Y":0.3638168275356293},{"X":0.16638658940792084,"Y":0.36379244923591614}]},"Hint":null,"Id":"ac2eb409-229f-4f64-8975-e41fc9f9ccc2","Page":1,"PageClassification":null,"Query":null,"Relationships":null,"RowIndex":null,"RowSpan":null,"SelectionStatus":null,"Text":"BANGLADESH COMMERCE BANK LTD","TextType":null,"SearchKey":"BANGLADESH COMMERCE BANK LTD"},{"BlockType":"QUERY","ColumnIndex":null,"ColumnSpan":null,"Confidence":null,"EntityTypes":null,"Geometry":null,"Hint":null,"Id":"78906aa4-1818-442e-b648-f472115bacd7","Page":1,"PageClassification":null,"Query":{"Alias":null,"Pages":null,"Text":"What is the bank name/drawee name?"},"Relationships":[{"Type":"ANSWER","Ids":["ac2eb409-229f-4f64-8975-e41fc9f9ccc2"]}],"RowIndex":null,"RowSpan":null,"SelectionStatus":null,"Text":null,"TextType":null},{"BlockType":"QUERY","ColumnIndex":null,"ColumnSpan":null,"Confidence":null,"EntityTypes":null,"Geometry":null,"Hint":null,"Id":"ac7816fd-baa8-481b-bc81-d4d651310337","Page":1,"PageClassification":null,"Query":{"Alias":null,"Pages":null,"Text":"What is the memo?"},"Relationships":[{"Type":"ANSWER","Ids":[]}],"RowIndex":null,"RowSpan":null,"SelectionStatus":null,"Text":null,"TextType":null},{"Geometry":{"BoundingBox":{"Top":0.590424656867981,"Left":0.18920008838176727,"Width":0.5768896490335464,"Height":0.012431204319000244},"Polygon":[{"X":0.18920008838176727,"Y":0.590424656867981},{"X":0.7660897374153137,"Y":0.590424656867981},{"X":0.7660897374153137,"Y":0.6028558611869812},{"X":0.18920008838176727,"Y":0.6028558611869812}]},"BlockType":"QUERY_RESULT","Page":1,"Id":"c9848f2a-42b3-42aa-8ad9-03c9e3fb8933","Text":"⑆212325418⑆ 25874123598⑉ 2451 ⑇21212582001⑆","Confidence":1,"SearchKey":"⑆212325418⑆ 25874123598⑉ 2451 ⑇21212582001⑆"},{"BlockType":"QUERY","ColumnIndex":null,"ColumnSpan":null,"Confidence":null,"EntityTypes":null,"Geometry":null,"Hint":null,"Id":"76d142e4-d018-4d1b-8daf-15bfb186b146","Page":1,"PageClassification":null,"Query":{"Alias":null,"Pages":null,"Text":"What is the MICR line?"},"Relationships":[{"Type":"ANSWER","Ids":["c9848f2a-42b3-42aa-8ad9-03c9e3fb8933"]}],"RowIndex":null,"RowSpan":null,"SelectionStatus":null,"Text":null,"TextType":null}]}