{"DocumentMetadata":{"Pages":1},"Blocks":[{"BlockType":"QUERY_RESULT","ColumnIndex":null,"ColumnSpan":null,"Confidence":67,"EntityTypes":null,"Geometry":{"BoundingBox":{"Height":0.013961205258965492,"Left":0.15131908655166626,"Top":0.42441117763519287,"Width":0.12015283852815628},"Polygon":[{"X":0.15131908655166626,"Y":0.4244244396686554},{"X":0.2714652717113495,"Y":0.42441117763519287},{"X":0.27147191762924194,"Y":0.4383593797683716},{"X":0.1513253003358841,"Y":0.4383723735809326}]},"Hint":null,"Id":"0e6246b6-78b8-495d-8ca9-189111f48cd5","Page":1,"PageClassification":null,"Query":null,"Relationships":null,"RowIndex":null,"RowSpan":null,"SelectionStatus":null,"Text":"Sherrell Sprowl","TextType":null,"SearchKey":"Sherrell Sprowl"},{"BlockType":"QUERY","ColumnIndex":null,"ColumnSpan":null,"Confidence":null,"EntityTypes":null,"Geometry":null,"Hint":null,"Id":"c3e81d88-ec5e-48c6-bc79-66dbc5335283","Page":1,"PageClassification":null,"Query":{"Alias":null,"Pages":null,"Text":"Who is the payee?"},"Relationships":[{"Type":"ANSWER","Ids":["0e6246b6-78b8-495d-8ca9-189111f48cd5"]}],"RowIndex":null,"RowSpan":null,"SelectionStatus":null,"Text":null,"TextType":null},{"BlockType":"QUERY_RESULT","ColumnIndex":null,"ColumnSpan":null,"Confidence":98,"EntityTypes":null,"Geometry":{"BoundingBox":{"Height":0.012134773656725883,"Left":0.5833315253257751,"Top":0.5905531048774719,"Width":0.04948725551366806},"Polygon":[{"X":0.5833315253257751,"Y":0.5905572772026062},{"X":0.6328117847442627,"Y":0.5905531048774719},{"X":0.6328188180923462,"Y":0.6026837229728699},{"X":0.5833383798599243,"Y":0.6026878356933594}]},"Hint":null,"Id":"aae4cbde-a80f-407f-8f17-a1993c2cf07f","Page":1,"PageClassification":null,"Query":null,"Relationships":null,"RowIndex":null,"RowSpan":null,"SelectionStatus":null,"Text":"1155","TextType":null,"SearchKey":"1155"},{"BlockType":"QUERY","ColumnIndex":null,"ColumnSpan":null,"Confidence":null,"EntityTypes":null,"Geometry":null,"Hint":null,"Id":"23fa8b72-94d2-44a9-9064-81db1d5cc52d","Page":1,"PageClassification":null,"Query":{"Alias":null,"Pages":null,"Text":"What is the check#?"},"Relationships":[{"Type":"ANSWER","Ids":["aae4cbde-a80f-407f-8f17-a1993c2cf07f"]}],"RowIndex":null,"RowSpan":null,"SelectionStatus":null,"Text":null,"TextType":null},{"BlockType":"QUERY","ColumnIndex":null,"ColumnSpan":null,"Confidence":null,"EntityTypes":null,"Geometry":null,"Hint":null,"Id":"7b4cf1a2-56a7-47a2-95b4-57291c2f691a","Page":1,"PageClassification":null,"Query":{"Alias":null,"Pages":null,"Text":"What is the customer name?"},"Relationships":[{"Type":"ANSWER","Ids":[]}],"RowIndex":null,"RowSpan":null,"SelectionStatus":null,"Text":null,"TextType":null},{"Geometry":{"BoundingBox":{"Top":0.5912031531333923,"Left":0.4077571630477905,"Width":0.15684068202972412,"Height":0.011744678020477295},"Polygon":[{"X":0.4077571630477905,"Y":0.5912031531333923},{"X":0.5645978450775146,"Y":0.5912031531333923},{"X":0.5645978450775146,"Y":0.6029478311538696},{"X":0.4077571630477905,"Y":0.6029478311538696}]},"BlockType":"QUERY_RESULT","Page":1,"Id":"adf958c1-b9de-4d34-8278-560e7725ddac","Text":"78452541258","Confidence":1,"SearchKey":"78452541258⑉"},{"BlockType":"QUERY","ColumnIndex":null,"ColumnSpan":null,"Confidence":null,"EntityTypes":null,"Geometry":null,"Hint":null,"Id":"de9a6794-291f-4629-9fbd-4dd6a7ae3983","Page":1,"PageClassification":null,"Query":{"Alias":null,"Pages":null,"Text":"What is the customer account#?"},"Relationships":[{"Type":"ANSWER","Ids":["adf958c1-b9de-4d34-8278-560e7725ddac"]}],"RowIndex":null,"RowSpan":null,"SelectionStatus":null,"Text":null,"TextType":null},{"Geometry":{"BoundingBox":{"Top":0.5330896377563477,"Left":0.1435728520154953,"Width":0.1995570808649063,"Height":0.02939784526824951},"Polygon":[{"X":0.1435728520154953,"Y":0.5330896377563477},{"X":0.3431299328804016,"Y":0.5330896377563477},{"X":0.3431299328804016,"Y":0.5624874830245972},{"X":0.1435728520154953,"Y":0.5624874830245972}]},"BlockType":"QUERY_RESULT","Page":1,"Id":"7b006ba7-e0cd-49e0-bab8-4ff5dc5ae8f7","Text":"Ziegelhüttenweg 37, 60598 Frankfurt am Main","Confidence":1,"SearchKey":"Ziegelhüttenweg 37, 60598 Frankfurt am Main"},{"BlockType":"QUERY","ColumnIndex":null,"ColumnSpan":null,"Confidence":null,"EntityTypes":null,"Geometry":null,"Hint":null,"Id":"cb604710-e235-4dbf-8d9d-67a0de5fd93a","Page":1,"PageClassification":null,"Query":{"Alias":null,"Pages":null,"Text":"What is the payee address?"},"Relationships":[{"Type":"ANSWER","Ids":["7b006ba7-e0cd-49e0-bab8-4ff5dc5ae8f7"]}],"RowIndex":null,"RowSpan":null,"SelectionStatus":null,"Text":null,"TextType":null},{"BlockType":"QUERY_RESULT","ColumnIndex":null,"ColumnSpan":null,"Confidence":99,"EntityTypes":null,"Geometry":{"BoundingBox":{"Height":0.01335004810243845,"Left":0.5831971764564514,"Top":0.35280653834342957,"Width":0.06754793971776962},"Polygon":[{"X":0.5831971764564514,"Y":0.3528147339820862},{"X":0.6507372856140137,"Y":0.35280653834342957},{"X":0.6507450938224792,"Y":0.36614853143692017},{"X":0.5832046866416931,"Y":0.36615657806396484}]},"Hint":null,"Id":"4eae1118-6aaa-4536-ab31-d9038a1ca8c6","Page":1,"PageClassification":null,"Query":null,"Relationships":null,"RowIndex":null,"RowSpan":null,"SelectionStatus":null,"Text":"12/01/20","TextType":null,"SearchKey":"12/01/20"},{"BlockType":"QUERY","ColumnIndex":null,"ColumnSpan":null,"Confidence":null,"EntityTypes":null,"Geometry":null,"Hint":null,"Id":"0924ea7e-a408-40c4-9980-ec6e04efae07","Page":1,"PageClassification":null,"Query":{"Alias":null,"Pages":null,"Text":"What is the date?"},"Relationships":[{"Type":"ANSWER","Ids":["4eae1118-6aaa-4536-ab31-d9038a1ca8c6"]}],"RowIndex":null,"RowSpan":null,"SelectionStatus":null,"Text":null,"TextType":null},{"BlockType":"QUERY_RESULT","ColumnIndex":null,"ColumnSpan":null,"Confidence":97,"EntityTypes":null,"Geometry":{"BoundingBox":{"Height":0.013984489254653454,"Left":0.17803019285202026,"Top":0.4516748785972595,"Width":0.34161660075187683},"Polygon":[{"X":0.17803019285202026,"Y":0.45171114802360535},{"X":0.5196391940116882,"Y":0.4516748785972595},{"X":0.5196468234062195,"Y":0.4656238257884979},{"X":0.17803651094436646,"Y":0.46565937995910645}]},"Hint":null,"Id":"6706ba6f-95bd-4f89-a2bf-a3b751ab719f","Page":1,"PageClassification":null,"Query":null,"Relationships":null,"RowIndex":null,"RowSpan":null,"SelectionStatus":null,"Text":"Twenty Nine Thousand Nine Hundred Only","TextType":null,"SearchKey":"Twenty Nine Thousand Nine Hundred Only"},{"BlockType":"QUERY","ColumnIndex":null,"ColumnSpan":null,"Confidence":null,"EntityTypes":null,"Geometry":null,"Hint":null,"Id":"12959a3d-49e8-47e7-b692-931f9a7d327e","Page":1,"PageClassification":null,"Query":{"Alias":null,"Pages":null,"Text":"What is the check amount in words?"},"Relationships":[{"Type":"ANSWER","Ids":["6706ba6f-95bd-4f89-a2bf-a3b751ab719f"]}],"RowIndex":null,"RowSpan":null,"SelectionStatus":null,"Text":null,"TextType":null},{"Geometry":{"BoundingBox":{"Top":0.47406667470932007,"Left":0.7615172266960144,"Width":0.09292316436767578,"Height":0.015162914991378784},"Polygon":[{"X":0.7615172266960144,"Y":0.47406667470932007},{"X":0.8544403910636902,"Y":0.47406667470932007},{"X":0.8544403910636902,"Y":0.48922958970069885},{"X":0.7615172266960144,"Y":0.48922958970069885}]},"BlockType":"QUERY_RESULT","Page":1,"Id":"a409c7f7-6655-474f-8575-7382761c7e3e","Text":"29,900.00","Confidence":1,"SearchKey":"29,900.00"},{"BlockType":"QUERY","ColumnIndex":null,"ColumnSpan":null,"Confidence":null,"EntityTypes":null,"Geometry":null,"Hint":null,"Id":"90708f18-2264-485f-8b15-9062616c7c7f","Page":1,"PageClassification":null,"Query":{"Alias":null,"Pages":null,"Text":"What is the dollar amount?"},"Relationships":[{"Type":"ANSWER","Ids":["a409c7f7-6655-474f-8575-7382761c7e3e"]}],"RowIndex":null,"RowSpan":null,"SelectionStatus":null,"Text":null,"TextType":null},{"BlockType":"QUERY","ColumnIndex":null,"ColumnSpan":null,"Confidence":null,"EntityTypes":null,"Geometry":null,"Hint":null,"Id":"bba6a863-4553-4785-83c0-6d6ffb7f0737","Page":1,"PageClassification":null,"Query":{"Alias":null,"Pages":null,"Text":"What is the account name/payer/drawer name?"},"Relationships":[{"Type":"ANSWER","Ids":[]}],"RowIndex":null,"RowSpan":null,"SelectionStatus":null,"Text":null,"TextType":null},{"BlockType":"QUERY_RESULT","ColumnIndex":null,"ColumnSpan":null,"Confidence":70,"EntityTypes":null,"Geometry":{"BoundingBox":{"Height":0.011907313950359821,"Left":0.2436424344778061,"Top":0.5909513235092163,"Width":0.14725692570209503},"Polygon":[{"X":0.2436424344778061,"Y":0.5909638404846191},{"X":0.39089328050613403,"Y":0.5909513235092163},{"X":0.3908993601799011,"Y":0.6028463840484619},{"X":0.24364803731441498,"Y":0.6028586030006409}]},"Hint":null,"Id":"816b5100-c17f-4875-9ec3-d1259063bd6f","Page":1,"PageClassification":null,"Query":null,"Relationships":null,"RowIndex":null,"RowSpan":null,"SelectionStatus":null,"Text":"745822145","TextType":null,"SearchKey":"745822145"},{"BlockType":"QUERY","ColumnIndex":null,"ColumnSpan":null,"Confidence":null,"EntityTypes":null,"Geometry":null,"Hint":null,"Id":"a9717d00-05d8-49ab-8be6-49df3dec1586","Page":1,"PageClassification":null,"Query":{"Alias":null,"Pages":null,"Text":"What is the bank routing number?"},"Relationships":[{"Type":"ANSWER","Ids":["816b5100-c17f-4875-9ec3-d1259063bd6f"]}],"RowIndex":null,"RowSpan":null,"SelectionStatus":null,"Text":null,"TextType":null},{"BlockType":"QUERY_RESULT","ColumnIndex":null,"ColumnSpan":null,"Confidence":98,"EntityTypes":null,"Geometry":{"BoundingBox":{"Height":0.015787571668624878,"Left":0.12066124379634857,"Top":0.3486049473285675,"Width":0.1727629452943802},"Polygon":[{"X":0.12066124379634857,"Y":0.3486259877681732},{"X":0.2934165596961975,"Y":0.3486049473285675},{"X":0.29342418909072876,"Y":0.3643718659877777},{"X":0.12066812068223953,"Y":0.3643925189971924}]},"Hint":null,"Id":"a0e7606e-1424-4cc8-89bd-0146c4fa8861","Page":1,"PageClassification":null,"Query":null,"Relationships":null,"RowIndex":null,"RowSpan":null,"SelectionStatus":null,"Text":"Deutsche Bank","TextType":null,"SearchKey":"Deutsche Bank"},{"BlockType":"QUERY","ColumnIndex":null,"ColumnSpan":null,"Confidence":null,"EntityTypes":null,"Geometry":null,"Hint":null,"Id":"888d6ca2-783a-4805-b00b-afedaf49aba3","Page":1,"PageClassification":null,"Query":{"Alias":null,"Pages":null,"Text":"What is the bank name/drawee name?"},"Relationships":[{"Type":"ANSWER","Ids":["a0e7606e-1424-4cc8-89bd-0146c4fa8861"]}],"RowIndex":null,"RowSpan":null,"SelectionStatus":null,"Text":null,"TextType":null},{"BlockType":"QUERY","ColumnIndex":null,"ColumnSpan":null,"Confidence":null,"EntityTypes":null,"Geometry":null,"Hint":null,"Id":"a5eadd11-65f3-41d6-92bf-48ae39aed11c","Page":1,"PageClassification":null,"Query":{"Alias":null,"Pages":null,"Text":"What is the memo?"},"Relationships":[{"Type":"ANSWER","Ids":[]}],"RowIndex":null,"RowSpan":null,"SelectionStatus":null,"Text":null,"TextType":null},{"Geometry":{"BoundingBox":{"Top":0.5908637046813965,"Left":0.2436424344778061,"Width":0.5766827613115311,"Height":0.012157738208770752},"Polygon":[{"X":0.2436424344778061,"Y":0.5908637046813965},{"X":0.8203251957893372,"Y":0.5908637046813965},{"X":0.8203251957893372,"Y":0.6030214428901672},{"X":0.2436424344778061,"Y":0.6030214428901672}]},"BlockType":"QUERY_RESULT","Page":1,"Id":"e07af5ce-316e-41b2-b4eb-1db574fe8388","Text":"⑆745822145⑆ 78452541258⑉ 1155 ⑇25142893254⑆","Confidence":1,"SearchKey":"⑆745822145⑆ 78452541258⑉ 1155 ⑇25142893254⑆"},{"BlockType":"QUERY","ColumnIndex":null,"ColumnSpan":null,"Confidence":null,"EntityTypes":null,"Geometry":null,"Hint":null,"Id":"3ad09b15-a361-4bd0-86dc-37ee06cbf26f","Page":1,"PageClassification":null,"Query":{"Alias":null,"Pages":null,"Text":"What is the MICR line?"},"Relationships":[{"Type":"ANSWER","Ids":["e07af5ce-316e-41b2-b4eb-1db574fe8388"]}],"RowIndex":null,"RowSpan":null,"SelectionStatus":null,"Text":null,"TextType":null}]}