{"DocumentMetadata":{"Pages":1},"Blocks":[{"BlockType":"QUERY_RESULT","ColumnIndex":null,"ColumnSpan":null,"Confidence":100,"EntityTypes":null,"Geometry":{"BoundingBox":{"Height":0.011660205200314522,"Left":0.19937677681446075,"Top":0.46005845069885254,"Width":0.1177615076303482},"Polygon":[{"X":0.19937677681446075,"Y":0.460191011428833},{"X":0.31712016463279724,"Y":0.46005845069885254},{"X":0.31713828444480896,"Y":0.471586138010025},{"X":0.19939438998699188,"Y":0.4717186391353607}]},"Hint":null,"Id":"e5d2aaf5-c3db-4a30-92df-5bfdc4fbb56b","Page":1,"PageClassification":null,"Query":null,"Relationships":null,"RowIndex":null,"RowSpan":null,"SelectionStatus":null,"Text":"Micheal Ocken","TextType":null,"SearchKey":"Micheal Ocken"},{"BlockType":"QUERY","ColumnIndex":null,"ColumnSpan":null,"Confidence":null,"EntityTypes":null,"Geometry":null,"Hint":null,"Id":"7352a96d-22c2-49ce-ac4c-b4f532bc6be4","Page":1,"PageClassification":null,"Query":{"Alias":null,"Pages":null,"Text":"Who is the payee?"},"Relationships":[{"Type":"ANSWER","Ids":["e5d2aaf5-c3db-4a30-92df-5bfdc4fbb56b"]}],"RowIndex":null,"RowSpan":null,"SelectionStatus":null,"Text":null,"TextType":null},{"BlockType":"QUERY_RESULT","ColumnIndex":null,"ColumnSpan":null,"Confidence":99,"EntityTypes":null,"Geometry":{"BoundingBox":{"Height":0.010354491882026196,"Left":0.8507246971130371,"Top":0.3580963909626007,"Width":0.036126770079135895},"Polygon":[{"X":0.8507246971130371,"Y":0.35813719034194946},{"X":0.8868330717086792,"Y":0.3580963909626007},{"X":0.8868514895439148,"Y":0.3684101104736328},{"X":0.8507429361343384,"Y":0.3684508800506592}]},"Hint":null,"Id":"84e1c677-d716-422f-b034-46152d8fd204","Page":1,"PageClassification":null,"Query":null,"Relationships":null,"RowIndex":null,"RowSpan":null,"SelectionStatus":null,"Text":"1477","TextType":null,"SearchKey":"1477"},{"BlockType":"QUERY","ColumnIndex":null,"ColumnSpan":null,"Confidence":null,"EntityTypes":null,"Geometry":null,"Hint":null,"Id":"34ab0f86-d86d-4816-ac86-6b64f02af777","Page":1,"PageClassification":null,"Query":{"Alias":null,"Pages":null,"Text":"What is the check#?"},"Relationships":[{"Type":"ANSWER","Ids":["84e1c677-d716-422f-b034-46152d8fd204"]}],"RowIndex":null,"RowSpan":null,"SelectionStatus":null,"Text":null,"TextType":null},{"BlockType":"QUERY","ColumnIndex":null,"ColumnSpan":null,"Confidence":null,"EntityTypes":null,"Geometry":null,"Hint":null,"Id":"07322dd0-0a46-4ebc-ae05-bc70b19bd6ca","Page":1,"PageClassification":null,"Query":{"Alias":null,"Pages":null,"Text":"What is the customer name?"},"Relationships":[{"Type":"ANSWER","Ids":[]}],"RowIndex":null,"RowSpan":null,"SelectionStatus":null,"Text":null,"TextType":null},{"Geometry":{"BoundingBox":{"Top":0.5904514789581299,"Left":0.38178542256355286,"Width":0.1612914502620697,"Height":0.011581003665924072},"Polygon":[{"X":0.38178542256355286,"Y":0.5904514789581299},{"X":0.5430768728256226,"Y":0.5904514789581299},{"X":0.5430768728256226,"Y":0.602032482624054},{"X":0.38178542256355286,"Y":0.602032482624054}]},"BlockType":"QUERY_RESULT","Page":1,"Id":"3c95dfa6-0e07-4689-9009-3117fab38736","Text":"89078451232","Confidence":1,"SearchKey":"89078451232⑉"},{"BlockType":"QUERY","ColumnIndex":null,"ColumnSpan":null,"Confidence":null,"EntityTypes":null,"Geometry":null,"Hint":null,"Id":"22061e0b-2211-4fd6-b1e8-660c645d447a","Page":1,"PageClassification":null,"Query":{"Alias":null,"Pages":null,"Text":"What is the customer account#?"},"Relationships":[{"Type":"ANSWER","Ids":["3c95dfa6-0e07-4689-9009-3117fab38736"]}],"RowIndex":null,"RowSpan":null,"SelectionStatus":null,"Text":null,"TextType":null},{"BlockType":"QUERY","ColumnIndex":null,"ColumnSpan":null,"Confidence":null,"EntityTypes":null,"Geometry":null,"Hint":null,"Id":"5116e80e-b593-4d7b-9252-5f038fa95e72","Page":1,"PageClassification":null,"Query":{"Alias":null,"Pages":null,"Text":"What is the payee address?"},"Relationships":[{"Type":"ANSWER","Ids":[]}],"RowIndex":null,"RowSpan":null,"SelectionStatus":null,"Text":null,"TextType":null},{"BlockType":"QUERY_RESULT","ColumnIndex":null,"ColumnSpan":null,"Confidence":99,"EntityTypes":null,"Geometry":{"BoundingBox":{"Height":0.013431692495942116,"Left":0.7244340181350708,"Top":0.4091581702232361,"Width":0.07459578663110733},"Polygon":[{"X":0.7244340181350708,"Y":0.40924227237701416},{"X":0.799006462097168,"Y":0.4091581702232361},{"X":0.7990298271179199,"Y":0.42250579595565796},{"X":0.7244570255279541,"Y":0.42258986830711365}]},"Hint":null,"Id":"31e0d6dc-c9d0-4cec-8255-1f1934a5903d","Page":1,"PageClassification":null,"Query":null,"Relationships":null,"RowIndex":null,"RowSpan":null,"SelectionStatus":null,"Text":"02/01/22","TextType":null,"SearchKey":"02/01/22"},{"BlockType":"QUERY","ColumnIndex":null,"ColumnSpan":null,"Confidence":null,"EntityTypes":null,"Geometry":null,"Hint":null,"Id":"36675ff0-c37b-4f66-9b0b-f1950c3ddbdc","Page":1,"PageClassification":null,"Query":{"Alias":null,"Pages":null,"Text":"What is the date?"},"Relationships":[{"Type":"ANSWER","Ids":["31e0d6dc-c9d0-4cec-8255-1f1934a5903d"]}],"RowIndex":null,"RowSpan":null,"SelectionStatus":null,"Text":null,"TextType":null},{"BlockType":"QUERY_RESULT","ColumnIndex":null,"ColumnSpan":null,"Confidence":96,"EntityTypes":null,"Geometry":{"BoundingBox":{"Height":0.014945553615689278,"Left":0.18217431008815765,"Top":0.5035108327865601,"Width":0.34148794412612915},"Polygon":[{"X":0.18217431008815765,"Y":0.5038946270942688},{"X":0.5236382484436035,"Y":0.5035108327865601},{"X":0.523662269115448,"Y":0.5180727243423462},{"X":0.1821964681148529,"Y":0.5184563398361206}]},"Hint":null,"Id":"0f3f996b-b9df-4bd7-b333-ecc1078d0b2c","Page":1,"PageClassification":null,"Query":null,"Relationships":null,"RowIndex":null,"RowSpan":null,"SelectionStatus":null,"Text":"Twenty Eight Thousand Two Hundred Only","TextType":null,"SearchKey":"Twenty Eight Thousand Two Hundred Only"},{"BlockType":"QUERY","ColumnIndex":null,"ColumnSpan":null,"Confidence":null,"EntityTypes":null,"Geometry":null,"Hint":null,"Id":"ff241f65-35d7-4683-aa36-fd0cd7fe88e2","Page":1,"PageClassification":null,"Query":{"Alias":null,"Pages":null,"Text":"What is the check amount in words?"},"Relationships":[{"Type":"ANSWER","Ids":["0f3f996b-b9df-4bd7-b333-ecc1078d0b2c"]}],"RowIndex":null,"RowSpan":null,"SelectionStatus":null,"Text":null,"TextType":null},{"BlockType":"QUERY_RESULT","ColumnIndex":null,"ColumnSpan":null,"Confidence":55,"EntityTypes":null,"Geometry":{"BoundingBox":{"Height":0.01651880145072937,"Left":0.7347371578216553,"Top":0.46612536907196045,"Width":0.12170271575450897},"Polygon":[{"X":0.7347371578216553,"Y":0.4662623107433319},{"X":0.8564108610153198,"Y":0.46612536907196045},{"X":0.8564398884773254,"Y":0.48250728845596313},{"X":0.7347654700279236,"Y":0.4826441705226898}]},"Hint":null,"Id":"58b9b22d-d06e-432b-8c17-9fc854c41cad","Page":1,"PageClassification":null,"Query":null,"Relationships":null,"RowIndex":null,"RowSpan":null,"SelectionStatus":null,"Text":"$28,200.00","TextType":null,"SearchKey":"$28,200.00"},{"BlockType":"QUERY","ColumnIndex":null,"ColumnSpan":null,"Confidence":null,"EntityTypes":null,"Geometry":null,"Hint":null,"Id":"8590eeab-a65b-4831-9f65-2f57cee72baa","Page":1,"PageClassification":null,"Query":{"Alias":null,"Pages":null,"Text":"What is the dollar amount?"},"Relationships":[{"Type":"ANSWER","Ids":["58b9b22d-d06e-432b-8c17-9fc854c41cad"]}],"RowIndex":null,"RowSpan":null,"SelectionStatus":null,"Text":null,"TextType":null},{"BlockType":"QUERY","ColumnIndex":null,"ColumnSpan":null,"Confidence":null,"EntityTypes":null,"Geometry":null,"Hint":null,"Id":"51819d99-d56b-4a2f-8985-b9bec6b9e659","Page":1,"PageClassification":null,"Query":{"Alias":null,"Pages":null,"Text":"What is the account name/payer/drawer name?"},"Relationships":[{"Type":"ANSWER","Ids":[]}],"RowIndex":null,"RowSpan":null,"SelectionStatus":null,"Text":null,"TextType":null},{"Geometry":{"BoundingBox":{"Top":0.5902596116065979,"Left":0.22061927616596222,"Width":0.14498193562030792,"Height":0.01208275556564331},"Polygon":[{"X":0.22061927616596222,"Y":0.5902596116065979},{"X":0.36560121178627014,"Y":0.5902596116065979},{"X":0.36560121178627014,"Y":0.6023423671722412},{"X":0.22061927616596222,"Y":0.6023423671722412}]},"BlockType":"QUERY_RESULT","Page":1,"Id":"1b424f1f-545e-4492-929b-7c8e43d984da","Text":"145822587","Confidence":1,"SearchKey":"⑆145822587⑆"},{"BlockType":"QUERY","ColumnIndex":null,"ColumnSpan":null,"Confidence":null,"EntityTypes":null,"Geometry":null,"Hint":null,"Id":"6bec3e4c-c755-4a40-b8d2-9bb5e9cb7d21","Page":1,"PageClassification":null,"Query":{"Alias":null,"Pages":null,"Text":"What is the bank routing number?"},"Relationships":[{"Type":"ANSWER","Ids":["1b424f1f-545e-4492-929b-7c8e43d984da"]}],"RowIndex":null,"RowSpan":null,"SelectionStatus":null,"Text":null,"TextType":null},{"BlockType":"QUERY_RESULT","ColumnIndex":null,"ColumnSpan":null,"Confidence":90,"EntityTypes":null,"Geometry":{"BoundingBox":{"Height":0.029912149533629417,"Left":0.10971659421920776,"Top":0.34240901470184326,"Width":0.1640939861536026},"Polygon":[{"X":0.10971659421920776,"Y":0.3425944745540619},{"X":0.27376434206962585,"Y":0.34240901470184326},{"X":0.27381059527397156,"Y":0.3721359074115753},{"X":0.10976103693246841,"Y":0.37232115864753723}]},"Hint":null,"Id":"1321bd49-18fa-41da-8ff5-6db1d93c1329","Page":1,"PageClassification":null,"Query":null,"Relationships":null,"RowIndex":null,"RowSpan":null,"SelectionStatus":null,"Text":"SEFCU","TextType":null,"SearchKey":"SEFCU"},{"BlockType":"QUERY","ColumnIndex":null,"ColumnSpan":null,"Confidence":null,"EntityTypes":null,"Geometry":null,"Hint":null,"Id":"ce9fda31-dfd8-41c2-83ec-0121d771a708","Page":1,"PageClassification":null,"Query":{"Alias":null,"Pages":null,"Text":"What is the bank name/drawee name?"},"Relationships":[{"Type":"ANSWER","Ids":["1321bd49-18fa-41da-8ff5-6db1d93c1329"]}],"RowIndex":null,"RowSpan":null,"SelectionStatus":null,"Text":null,"TextType":null},{"BlockType":"QUERY","ColumnIndex":null,"ColumnSpan":null,"Confidence":null,"EntityTypes":null,"Geometry":null,"Hint":null,"Id":"f72bc7ed-9df9-4ea1-b52d-1ede9993bc95","Page":1,"PageClassification":null,"Query":{"Alias":null,"Pages":null,"Text":"What is the memo?"},"Relationships":[{"Type":"ANSWER","Ids":[]}],"RowIndex":null,"RowSpan":null,"SelectionStatus":null,"Text":null,"TextType":null},{"Geometry":{"BoundingBox":{"Top":0.590204656124115,"Left":0.22061927616596222,"Width":0.5925911515951157,"Height":0.01213771104812622},"Polygon":[{"X":0.22061927616596222,"Y":0.590204656124115},{"X":0.8132104277610779,"Y":0.590204656124115},{"X":0.8132104277610779,"Y":0.6023423671722412},{"X":0.22061927616596222,"Y":0.6023423671722412}]},"BlockType":"QUERY_RESULT","Page":1,"Id":"ca25e4be-960e-4cfd-b1e4-8585f214c29c","Text":"⑆145822587⑆ 89078451232⑉ 1477 ⑇012452214578⑆","Confidence":1,"SearchKey":"⑆145822587⑆ 89078451232⑉ 1477 ⑇012452214578⑆"},{"BlockType":"QUERY","ColumnIndex":null,"ColumnSpan":null,"Confidence":null,"EntityTypes":null,"Geometry":null,"Hint":null,"Id":"3076dd53-5151-4d89-befa-bbc31f8a7082","Page":1,"PageClassification":null,"Query":{"Alias":null,"Pages":null,"Text":"What is the MICR line?"},"Relationships":[{"Type":"ANSWER","Ids":["ca25e4be-960e-4cfd-b1e4-8585f214c29c"]}],"RowIndex":null,"RowSpan":null,"SelectionStatus":null,"Text":null,"TextType":null}]}