{"DocumentMetadata":{"Pages":1},"Blocks":[{"BlockType":"QUERY_RESULT","ColumnIndex":null,"ColumnSpan":null,"Confidence":98,"EntityTypes":null,"Geometry":{"BoundingBox":{"Height":0.01157775055617094,"Left":0.20876102149486542,"Top":0.4598093628883362,"Width":0.13815709948539734},"Polygon":[{"X":0.20876102149486542,"Y":0.4598093628883362},{"X":0.3469175398349762,"Y":0.45985472202301025},{"X":0.34691810607910156,"Y":0.4713870882987976},{"X":0.2087610810995102,"Y":0.47134143114089966}]},"Hint":null,"Id":"4d75b5f2-7ac7-45e4-afb4-f0b15d1d13ad","Page":1,"PageClassification":null,"Query":null,"Relationships":null,"RowIndex":null,"RowSpan":null,"SelectionStatus":null,"Text":"Rene Burnsworth","TextType":null,"SearchKey":"Rene Burnsworth"},{"BlockType":"QUERY","ColumnIndex":null,"ColumnSpan":null,"Confidence":null,"EntityTypes":null,"Geometry":null,"Hint":null,"Id":"de9cbc7d-f60a-41fa-b0e3-3ca8817dc807","Page":1,"PageClassification":null,"Query":{"Alias":null,"Pages":null,"Text":"Who is the payee?"},"Relationships":[{"Type":"ANSWER","Ids":["4d75b5f2-7ac7-45e4-afb4-f0b15d1d13ad"]}],"RowIndex":null,"RowSpan":null,"SelectionStatus":null,"Text":null,"TextType":null},{"BlockType":"QUERY_RESULT","ColumnIndex":null,"ColumnSpan":null,"Confidence":99,"EntityTypes":null,"Geometry":{"BoundingBox":{"Height":0.01032974012196064,"Left":0.8501312136650085,"Top":0.35804301500320435,"Width":0.03533349186182022},"Polygon":[{"X":0.8501312136650085,"Y":0.35804301500320435},{"X":0.8854623436927795,"Y":0.35805392265319824},{"X":0.8854647278785706,"Y":0.36837276816368103},{"X":0.85013347864151,"Y":0.36836180090904236}]},"Hint":null,"Id":"08d94ac8-f606-4547-bb69-d8cf2225317d","Page":1,"PageClassification":null,"Query":null,"Relationships":null,"RowIndex":null,"RowSpan":null,"SelectionStatus":null,"Text":"1412","TextType":null,"SearchKey":"1412"},{"BlockType":"QUERY","ColumnIndex":null,"ColumnSpan":null,"Confidence":null,"EntityTypes":null,"Geometry":null,"Hint":null,"Id":"120d9f2a-2f77-46ee-8c31-e67024ba916a","Page":1,"PageClassification":null,"Query":{"Alias":null,"Pages":null,"Text":"What is the check#?"},"Relationships":[{"Type":"ANSWER","Ids":["08d94ac8-f606-4547-bb69-d8cf2225317d"]}],"RowIndex":null,"RowSpan":null,"SelectionStatus":null,"Text":null,"TextType":null},{"BlockType":"QUERY","ColumnIndex":null,"ColumnSpan":null,"Confidence":null,"EntityTypes":null,"Geometry":null,"Hint":null,"Id":"00a43a41-3403-4744-b164-3a88056786cb","Page":1,"PageClassification":null,"Query":{"Alias":null,"Pages":null,"Text":"What is the customer name?"},"Relationships":[{"Type":"ANSWER","Ids":[]}],"RowIndex":null,"RowSpan":null,"SelectionStatus":null,"Text":null,"TextType":null},{"Geometry":{"BoundingBox":{"Top":0.5902588963508606,"Left":0.38225463032722473,"Width":0.1601562201976776,"Height":0.011501133441925049},"Polygon":[{"X":0.38225463032722473,"Y":0.5902588963508606},{"X":0.5424108505249023,"Y":0.5902588963508606},{"X":0.5424108505249023,"Y":0.6017600297927856},{"X":0.38225463032722473,"Y":0.6017600297927856}]},"BlockType":"QUERY_RESULT","Page":1,"Id":"dc8f7b42-f941-4bc0-b50a-d0f5b6a5f057","Text":"89078451232","Confidence":1,"SearchKey":"89078451232⑉"},{"BlockType":"QUERY","ColumnIndex":null,"ColumnSpan":null,"Confidence":null,"EntityTypes":null,"Geometry":null,"Hint":null,"Id":"d2659243-a06c-42d8-b2a7-799f3ff36d50","Page":1,"PageClassification":null,"Query":{"Alias":null,"Pages":null,"Text":"What is the customer account#?"},"Relationships":[{"Type":"ANSWER","Ids":["dc8f7b42-f941-4bc0-b50a-d0f5b6a5f057"]}],"RowIndex":null,"RowSpan":null,"SelectionStatus":null,"Text":null,"TextType":null},{"BlockType":"QUERY","ColumnIndex":null,"ColumnSpan":null,"Confidence":null,"EntityTypes":null,"Geometry":null,"Hint":null,"Id":"ec48b5be-b472-4089-9ebb-9ccf90a4a219","Page":1,"PageClassification":null,"Query":{"Alias":null,"Pages":null,"Text":"What is the payee address?"},"Relationships":[{"Type":"ANSWER","Ids":[]}],"RowIndex":null,"RowSpan":null,"SelectionStatus":null,"Text":null,"TextType":null},{"BlockType":"QUERY_RESULT","ColumnIndex":null,"ColumnSpan":null,"Confidence":99,"EntityTypes":null,"Geometry":{"BoundingBox":{"Height":0.013984797522425652,"Left":0.7284479141235352,"Top":0.40899187326431274,"Width":0.07458900660276413},"Polygon":[{"X":0.7284479141235352,"Y":0.40899187326431274},{"X":0.8030341267585754,"Y":0.40901562571525574},{"X":0.8030369281768799,"Y":0.42297667264938354},{"X":0.7284504175186157,"Y":0.4229527413845062}]},"Hint":null,"Id":"2c6ec29f-470b-4c31-8f27-c931feb299ec","Page":1,"PageClassification":null,"Query":null,"Relationships":null,"RowIndex":null,"RowSpan":null,"SelectionStatus":null,"Text":"03/01/22","TextType":null,"SearchKey":"03/01/22"},{"BlockType":"QUERY","ColumnIndex":null,"ColumnSpan":null,"Confidence":null,"EntityTypes":null,"Geometry":null,"Hint":null,"Id":"9ba6da7b-5fce-49fd-a5cc-849ceb3c47ba","Page":1,"PageClassification":null,"Query":{"Alias":null,"Pages":null,"Text":"What is the date?"},"Relationships":[{"Type":"ANSWER","Ids":["2c6ec29f-470b-4c31-8f27-c931feb299ec"]}],"RowIndex":null,"RowSpan":null,"SelectionStatus":null,"Text":null,"TextType":null},{"BlockType":"QUERY_RESULT","ColumnIndex":null,"ColumnSpan":null,"Confidence":97,"EntityTypes":null,"Geometry":{"BoundingBox":{"Height":0.014071999117732048,"Left":0.19934161007404327,"Top":0.503507137298584,"Width":0.32892414927482605},"Polygon":[{"X":0.19934161007404327,"Y":0.503507137298584},{"X":0.5282642245292664,"Y":0.5036179423332214},{"X":0.5282657742500305,"Y":0.5175791382789612},{"X":0.19934163987636566,"Y":0.5174674391746521}]},"Hint":null,"Id":"753d8e02-2dc6-4229-89a1-bac5b48bf3a2","Page":1,"PageClassification":null,"Query":null,"Relationships":null,"RowIndex":null,"RowSpan":null,"SelectionStatus":null,"Text":"Twenty Eight Thousand Six Hundred Only","TextType":null,"SearchKey":"Twenty Eight Thousand Six Hundred Only"},{"BlockType":"QUERY","ColumnIndex":null,"ColumnSpan":null,"Confidence":null,"EntityTypes":null,"Geometry":null,"Hint":null,"Id":"d405b5cc-910a-468c-b026-ad47286d8aee","Page":1,"PageClassification":null,"Query":{"Alias":null,"Pages":null,"Text":"What is the check amount in words?"},"Relationships":[{"Type":"ANSWER","Ids":["753d8e02-2dc6-4229-89a1-bac5b48bf3a2"]}],"RowIndex":null,"RowSpan":null,"SelectionStatus":null,"Text":null,"TextType":null},{"BlockType":"QUERY_RESULT","ColumnIndex":null,"ColumnSpan":null,"Confidence":38,"EntityTypes":null,"Geometry":{"BoundingBox":{"Height":0.016429971903562546,"Left":0.7339538931846619,"Top":0.4660519063472748,"Width":0.12170054763555527},"Polygon":[{"X":0.7339538931846619,"Y":0.4660519063472748},{"X":0.8556508421897888,"Y":0.4660920202732086},{"X":0.8556544184684753,"Y":0.48248186707496643},{"X":0.7339568138122559,"Y":0.48244139552116394}]},"Hint":null,"Id":"1fc78698-9611-4c01-9f6c-dc7996ffc823","Page":1,"PageClassification":null,"Query":null,"Relationships":null,"RowIndex":null,"RowSpan":null,"SelectionStatus":null,"Text":"$28,600.00","TextType":null,"SearchKey":"$28,600.00"},{"BlockType":"QUERY","ColumnIndex":null,"ColumnSpan":null,"Confidence":null,"EntityTypes":null,"Geometry":null,"Hint":null,"Id":"6eace1a5-b812-45e2-930c-6a642486ae26","Page":1,"PageClassification":null,"Query":{"Alias":null,"Pages":null,"Text":"What is the dollar amount?"},"Relationships":[{"Type":"ANSWER","Ids":["1fc78698-9611-4c01-9f6c-dc7996ffc823"]}],"RowIndex":null,"RowSpan":null,"SelectionStatus":null,"Text":null,"TextType":null},{"BlockType":"QUERY","ColumnIndex":null,"ColumnSpan":null,"Confidence":null,"EntityTypes":null,"Geometry":null,"Hint":null,"Id":"327d69c9-51f8-496d-aa41-04183136897f","Page":1,"PageClassification":null,"Query":{"Alias":null,"Pages":null,"Text":"What is the account name/payer/drawer name?"},"Relationships":[{"Type":"ANSWER","Ids":[]}],"RowIndex":null,"RowSpan":null,"SelectionStatus":null,"Text":null,"TextType":null},{"Geometry":{"BoundingBox":{"Top":0.5900989174842834,"Left":0.2216004580259323,"Width":0.1457182914018631,"Height":0.01166445016860962},"Polygon":[{"X":0.2216004580259323,"Y":0.5900989174842834},{"X":0.3673187494277954,"Y":0.5900989174842834},{"X":0.3673187494277954,"Y":0.6017633676528931},{"X":0.2216004580259323,"Y":0.6017633676528931}]},"BlockType":"QUERY_RESULT","Page":1,"Id":"68507cd3-4437-48a6-8c38-623421107645","Text":"124582145","Confidence":1,"SearchKey":"⑆124582145⑆"},{"BlockType":"QUERY","ColumnIndex":null,"ColumnSpan":null,"Confidence":null,"EntityTypes":null,"Geometry":null,"Hint":null,"Id":"37a69677-86dc-4429-8282-ceaec83b33e0","Page":1,"PageClassification":null,"Query":{"Alias":null,"Pages":null,"Text":"What is the bank routing number?"},"Relationships":[{"Type":"ANSWER","Ids":["68507cd3-4437-48a6-8c38-623421107645"]}],"RowIndex":null,"RowSpan":null,"SelectionStatus":null,"Text":null,"TextType":null},{"BlockType":"QUERY_RESULT","ColumnIndex":null,"ColumnSpan":null,"Confidence":71,"EntityTypes":null,"Geometry":{"BoundingBox":{"Height":0.02918226271867752,"Left":0.10829078406095505,"Top":0.34264203906059265,"Width":0.1648353636264801},"Polygon":[{"X":0.10829160362482071,"Y":0.34264203906059265},{"X":0.27312538027763367,"Y":0.3426923453807831},{"X":0.27312615513801575,"Y":0.3718242943286896},{"X":0.10829078406095505,"Y":0.37177303433418274}]},"Hint":null,"Id":"bace4744-fd1e-40ab-a0be-60108dfd2e69","Page":1,"PageClassification":null,"Query":null,"Relationships":null,"RowIndex":null,"RowSpan":null,"SelectionStatus":null,"Text":"SEFCU","TextType":null,"SearchKey":"SEFCU"},{"BlockType":"QUERY","ColumnIndex":null,"ColumnSpan":null,"Confidence":null,"EntityTypes":null,"Geometry":null,"Hint":null,"Id":"88105588-be72-4aad-8881-e22b167bcf9c","Page":1,"PageClassification":null,"Query":{"Alias":null,"Pages":null,"Text":"What is the bank name/drawee name?"},"Relationships":[{"Type":"ANSWER","Ids":["bace4744-fd1e-40ab-a0be-60108dfd2e69"]}],"RowIndex":null,"RowSpan":null,"SelectionStatus":null,"Text":null,"TextType":null},{"BlockType":"QUERY","ColumnIndex":null,"ColumnSpan":null,"Confidence":null,"EntityTypes":null,"Geometry":null,"Hint":null,"Id":"31670f44-dbac-49a8-9a09-0355b18e0d7a","Page":1,"PageClassification":null,"Query":{"Alias":null,"Pages":null,"Text":"What is the memo?"},"Relationships":[{"Type":"ANSWER","Ids":[]}],"RowIndex":null,"RowSpan":null,"SelectionStatus":null,"Text":null,"TextType":null},{"Geometry":{"BoundingBox":{"Top":0.5899626016616821,"Left":0.2216004580259323,"Width":0.5749545842409134,"Height":0.011800765991210938},"Polygon":[{"X":0.2216004580259323,"Y":0.5899626016616821},{"X":0.7965550422668457,"Y":0.5899626016616821},{"X":0.7965550422668457,"Y":0.6017633676528931},{"X":0.2216004580259323,"Y":0.6017633676528931}]},"BlockType":"QUERY_RESULT","Page":1,"Id":"4a3dfc9f-f1e2-487b-a746-c50fb88a3443","Text":"⑆124582145⑆ 89078451232⑉ 1412 ⑇21254777412⑆","Confidence":1,"SearchKey":"⑆124582145⑆ 89078451232⑉ 1412 ⑇21254777412⑆"},{"BlockType":"QUERY","ColumnIndex":null,"ColumnSpan":null,"Confidence":null,"EntityTypes":null,"Geometry":null,"Hint":null,"Id":"a38e1457-6e2c-42ce-a61b-a19e0410f06a","Page":1,"PageClassification":null,"Query":{"Alias":null,"Pages":null,"Text":"What is the MICR line?"},"Relationships":[{"Type":"ANSWER","Ids":["4a3dfc9f-f1e2-487b-a746-c50fb88a3443"]}],"RowIndex":null,"RowSpan":null,"SelectionStatus":null,"Text":null,"TextType":null}]}