{"DocumentMetadata":{"Pages":1},"Blocks":[{"BlockType":"QUERY_RESULT","ColumnIndex":null,"ColumnSpan":null,"Confidence":100,"EntityTypes":null,"Geometry":{"BoundingBox":{"Height":0.014578486792743206,"Left":0.19691111147403717,"Top":0.4522678554058075,"Width":0.13350741565227509},"Polygon":[{"X":0.19691111147403717,"Y":0.4522678554058075},{"X":0.33041152358055115,"Y":0.4522903561592102},{"X":0.33041852712631226,"Y":0.4668463468551636},{"X":0.1969173401594162,"Y":0.4668235778808594}]},"Hint":null,"Id":"24b48d8d-5279-493d-89d8-859a488bacf2","Page":1,"PageClassification":null,"Query":null,"Relationships":null,"RowIndex":null,"RowSpan":null,"SelectionStatus":null,"Text":"Johana Conquest","TextType":null,"SearchKey":"Johana Conquest"},{"BlockType":"QUERY","ColumnIndex":null,"ColumnSpan":null,"Confidence":null,"EntityTypes":null,"Geometry":null,"Hint":null,"Id":"b6fddc17-eac0-4cdb-8147-dde93151e052","Page":1,"PageClassification":null,"Query":{"Alias":null,"Pages":null,"Text":"Who is the payee?"},"Relationships":[{"Type":"ANSWER","Ids":["24b48d8d-5279-493d-89d8-859a488bacf2"]}],"RowIndex":null,"RowSpan":null,"SelectionStatus":null,"Text":null,"TextType":null},{"BlockType":"QUERY_RESULT","ColumnIndex":null,"ColumnSpan":null,"Confidence":99,"EntityTypes":null,"Geometry":{"BoundingBox":{"Height":0.012141186743974686,"Left":0.529177725315094,"Top":0.5887969136238098,"Width":0.050272949039936066},"Polygon":[{"X":0.529177725315094,"Y":0.5887969136238098},{"X":0.5794435143470764,"Y":0.5888063311576843},{"X":0.5794506669044495,"Y":0.600938081741333},{"X":0.5291845202445984,"Y":0.6009286046028137}]},"Hint":null,"Id":"69c94fd9-b581-4eb0-9a54-bbfab8d5b3a9","Page":1,"PageClassification":null,"Query":null,"Relationships":null,"RowIndex":null,"RowSpan":null,"SelectionStatus":null,"Text":"1452","TextType":null,"SearchKey":"1452"},{"BlockType":"QUERY","ColumnIndex":null,"ColumnSpan":null,"Confidence":null,"EntityTypes":null,"Geometry":null,"Hint":null,"Id":"02ad6ec9-5ade-4416-8c4d-1e3a2ccef8e7","Page":1,"PageClassification":null,"Query":{"Alias":null,"Pages":null,"Text":"What is the check#?"},"Relationships":[{"Type":"ANSWER","Ids":["69c94fd9-b581-4eb0-9a54-bbfab8d5b3a9"]}],"RowIndex":null,"RowSpan":null,"SelectionStatus":null,"Text":null,"TextType":null},{"BlockType":"QUERY","ColumnIndex":null,"ColumnSpan":null,"Confidence":null,"EntityTypes":null,"Geometry":null,"Hint":null,"Id":"7284e53b-69c8-466a-bc03-4ed7493dbde3","Page":1,"PageClassification":null,"Query":{"Alias":null,"Pages":null,"Text":"What is the customer name?"},"Relationships":[{"Type":"ANSWER","Ids":[]}],"RowIndex":null,"RowSpan":null,"SelectionStatus":null,"Text":null,"TextType":null},{"Geometry":{"BoundingBox":{"Top":0.5892951488494873,"Left":0.35518142580986023,"Width":0.15504953265190125,"Height":0.011846780776977539},"Polygon":[{"X":0.35518142580986023,"Y":0.5892951488494873},{"X":0.5102309584617615,"Y":0.5892951488494873},{"X":0.5102309584617615,"Y":0.6011419296264648},{"X":0.35518142580986023,"Y":0.6011419296264648}]},"BlockType":"QUERY_RESULT","Page":1,"Id":"64dbffa5-153c-4ac7-9e21-16db8e106695","Text":"12589325478","Confidence":1,"SearchKey":"12589325478⑉"},{"BlockType":"QUERY","ColumnIndex":null,"ColumnSpan":null,"Confidence":null,"EntityTypes":null,"Geometry":null,"Hint":null,"Id":"705e6fd2-be96-4826-b0da-61cf65c9d43c","Page":1,"PageClassification":null,"Query":{"Alias":null,"Pages":null,"Text":"What is the customer account#?"},"Relationships":[{"Type":"ANSWER","Ids":["64dbffa5-153c-4ac7-9e21-16db8e106695"]}],"RowIndex":null,"RowSpan":null,"SelectionStatus":null,"Text":null,"TextType":null},{"BlockType":"QUERY_RESULT","ColumnIndex":null,"ColumnSpan":null,"Confidence":87,"EntityTypes":null,"Geometry":{"BoundingBox":{"Height":0.038232315331697464,"Left":0.0744423121213913,"Top":0.540189266204834,"Width":0.11309883743524551},"Polygon":[{"X":0.0744423121213913,"Y":0.540189266204834},{"X":0.1875249743461609,"Y":0.5402096509933472},{"X":0.1875411570072174,"Y":0.5784215927124023},{"X":0.07445669919252396,"Y":0.5784005522727966}]},"Hint":null,"Id":"ecc1e811-bbe3-4006-859d-adbdbef2cdcd","Page":1,"PageClassification":null,"Query":null,"Relationships":null,"RowIndex":null,"RowSpan":null,"SelectionStatus":null,"Text":"270 Park Ave, New York, NY 10172, United States","TextType":null,"SearchKey":"270 Park Ave, New York, NY 10172, United States"},{"BlockType":"QUERY","ColumnIndex":null,"ColumnSpan":null,"Confidence":null,"EntityTypes":null,"Geometry":null,"Hint":null,"Id":"594aa116-49d7-41b6-a737-7049acdcf79c","Page":1,"PageClassification":null,"Query":{"Alias":null,"Pages":null,"Text":"What is the payee address?"},"Relationships":[{"Type":"ANSWER","Ids":["ecc1e811-bbe3-4006-859d-adbdbef2cdcd"]}],"RowIndex":null,"RowSpan":null,"SelectionStatus":null,"Text":null,"TextType":null},{"BlockType":"QUERY_RESULT","ColumnIndex":null,"ColumnSpan":null,"Confidence":99,"EntityTypes":null,"Geometry":{"BoundingBox":{"Height":0.013354253955185413,"Left":0.6657208800315857,"Top":0.39776089787483215,"Width":0.06912152469158173},"Polygon":[{"X":0.6657208800315857,"Y":0.39776089787483215},{"X":0.7348337173461914,"Y":0.39777201414108276},{"X":0.7348424196243286,"Y":0.4111151695251465},{"X":0.6657291650772095,"Y":0.41110390424728394}]},"Hint":null,"Id":"8ea68042-f8c7-4f08-bbbb-7a2846fdd7bb","Page":1,"PageClassification":null,"Query":null,"Relationships":null,"RowIndex":null,"RowSpan":null,"SelectionStatus":null,"Text":"08/01/21","TextType":null,"SearchKey":"08/01/21"},{"BlockType":"QUERY","ColumnIndex":null,"ColumnSpan":null,"Confidence":null,"EntityTypes":null,"Geometry":null,"Hint":null,"Id":"9c8c95ab-8530-4be2-8550-00c3d56962a2","Page":1,"PageClassification":null,"Query":{"Alias":null,"Pages":null,"Text":"What is the date?"},"Relationships":[{"Type":"ANSWER","Ids":["8ea68042-f8c7-4f08-bbbb-7a2846fdd7bb"]}],"RowIndex":null,"RowSpan":null,"SelectionStatus":null,"Text":null,"TextType":null},{"BlockType":"QUERY_RESULT","ColumnIndex":null,"ColumnSpan":null,"Confidence":93,"EntityTypes":null,"Geometry":{"BoundingBox":{"Height":0.01524680107831955,"Left":0.12860819697380066,"Top":0.4922846257686615,"Width":0.47827625274658203},"Polygon":[{"X":0.12860819697380066,"Y":0.4922846257686615},{"X":0.6068754196166992,"Y":0.49236786365509033},{"X":0.6068844199180603,"Y":0.507531464099884},{"X":0.12861424684524536,"Y":0.5074472427368164}]},"Hint":null,"Id":"1d8bcf0a-cdc2-4389-bed5-1f79a7e21126","Page":1,"PageClassification":null,"Query":null,"Relationships":null,"RowIndex":null,"RowSpan":null,"SelectionStatus":null,"Text":"Twenty Five Thousand Five Hundred And Ninety Four Only","TextType":null,"SearchKey":"Twenty Five Thousand Five Hundred And Ninety Four Only"},{"BlockType":"QUERY","ColumnIndex":null,"ColumnSpan":null,"Confidence":null,"EntityTypes":null,"Geometry":null,"Hint":null,"Id":"bec5909a-c7c4-4611-ad49-c03e62c679da","Page":1,"PageClassification":null,"Query":{"Alias":null,"Pages":null,"Text":"What is the check amount in words?"},"Relationships":[{"Type":"ANSWER","Ids":["1d8bcf0a-cdc2-4389-bed5-1f79a7e21126"]}],"RowIndex":null,"RowSpan":null,"SelectionStatus":null,"Text":null,"TextType":null},{"BlockType":"QUERY_RESULT","ColumnIndex":null,"ColumnSpan":null,"Confidence":47,"EntityTypes":null,"Geometry":{"BoundingBox":{"Height":0.01457284577190876,"Left":0.7482230067253113,"Top":0.45539340376853943,"Width":0.09347420185804367},"Polygon":[{"X":0.7482230067253113,"Y":0.45539340376853943},{"X":0.8416870832443237,"Y":0.4554091989994049},{"X":0.8416972160339355,"Y":0.46996623277664185},{"X":0.7482325434684753,"Y":0.46995025873184204}]},"Hint":null,"Id":"434407f5-1184-48be-a8f4-bd2e3983de0c","Page":1,"PageClassification":null,"Query":null,"Relationships":null,"RowIndex":null,"RowSpan":null,"SelectionStatus":null,"Text":"$25,594.00","TextType":null,"SearchKey":"$25,594.00"},{"BlockType":"QUERY","ColumnIndex":null,"ColumnSpan":null,"Confidence":null,"EntityTypes":null,"Geometry":null,"Hint":null,"Id":"dc7848c0-8ea5-4676-a033-7043d86a44c5","Page":1,"PageClassification":null,"Query":{"Alias":null,"Pages":null,"Text":"What is the dollar amount?"},"Relationships":[{"Type":"ANSWER","Ids":["434407f5-1184-48be-a8f4-bd2e3983de0c"]}],"RowIndex":null,"RowSpan":null,"SelectionStatus":null,"Text":null,"TextType":null},{"Geometry":{"BoundingBox":{"Top":0.3532120883464813,"Left":0.08343055099248886,"Width":0.0760999247431755,"Height":0.012767016887664795},"Polygon":[{"X":0.08343055099248886,"Y":0.3532120883464813},{"X":0.15953047573566437,"Y":0.3532120883464813},{"X":0.15953047573566437,"Y":0.3659791052341461},{"X":0.08343055099248886,"Y":0.3659791052341461}]},"BlockType":"QUERY_RESULT","Page":1,"Id":"8be8f0c4-a3dd-4016-aed5-6cc178671b25","Text":"Ameren","Confidence":1,"SearchKey":"Ameren"},{"BlockType":"QUERY","ColumnIndex":null,"ColumnSpan":null,"Confidence":null,"EntityTypes":null,"Geometry":null,"Hint":null,"Id":"abce54d1-ac4b-4a16-871c-12b04018f887","Page":1,"PageClassification":null,"Query":{"Alias":null,"Pages":null,"Text":"What is the account name/payer/drawer name?"},"Relationships":[{"Type":"ANSWER","Ids":["8be8f0c4-a3dd-4016-aed5-6cc178671b25"]}],"RowIndex":null,"RowSpan":null,"SelectionStatus":null,"Text":null,"TextType":null},{"BlockType":"QUERY_RESULT","ColumnIndex":null,"ColumnSpan":null,"Confidence":56,"EntityTypes":null,"Geometry":{"BoundingBox":{"Height":0.011552024632692337,"Left":0.18990175426006317,"Top":0.5893399119377136,"Width":0.14529362320899963},"Polygon":[{"X":0.18990175426006317,"Y":0.5893399119377136},{"X":0.3351897895336151,"Y":0.589367151260376},{"X":0.3351953625679016,"Y":0.6008919477462769},{"X":0.18990664184093475,"Y":0.6008644700050354}]},"Hint":null,"Id":"cebca842-1611-4f4d-ae4f-6466afcbf852","Page":1,"PageClassification":null,"Query":null,"Relationships":null,"RowIndex":null,"RowSpan":null,"SelectionStatus":null,"Text":"700257229","TextType":null,"SearchKey":"700257229"},{"BlockType":"QUERY","ColumnIndex":null,"ColumnSpan":null,"Confidence":null,"EntityTypes":null,"Geometry":null,"Hint":null,"Id":"5ebd34ea-3c99-4e84-81c8-e05082fd5a41","Page":1,"PageClassification":null,"Query":{"Alias":null,"Pages":null,"Text":"What is the bank routing number?"},"Relationships":[{"Type":"ANSWER","Ids":["cebca842-1611-4f4d-ae4f-6466afcbf852"]}],"RowIndex":null,"RowSpan":null,"SelectionStatus":null,"Text":null,"TextType":null},{"BlockType":"QUERY_RESULT","ColumnIndex":null,"ColumnSpan":null,"Confidence":75,"EntityTypes":null,"Geometry":{"BoundingBox":{"Height":0.010933716781437397,"Left":0.07600579410791397,"Top":0.5213875770568848,"Width":0.09188324958086014},"Polygon":[{"X":0.07600579410791397,"Y":0.5213875770568848},{"X":0.16788451373577118,"Y":0.521403968334198},{"X":0.1678890436887741,"Y":0.5323213338851929},{"X":0.07600990682840347,"Y":0.5323048233985901}]},"Hint":null,"Id":"447ed813-4f87-4be1-882a-6be3ea2b8630","Page":1,"PageClassification":null,"Query":null,"Relationships":null,"RowIndex":null,"RowSpan":null,"SelectionStatus":null,"Text":"CHASE","TextType":null,"SearchKey":"CHASE"},{"BlockType":"QUERY","ColumnIndex":null,"ColumnSpan":null,"Confidence":null,"EntityTypes":null,"Geometry":null,"Hint":null,"Id":"02799266-a934-479e-a935-669a16ecab99","Page":1,"PageClassification":null,"Query":{"Alias":null,"Pages":null,"Text":"What is the bank name/drawee name?"},"Relationships":[{"Type":"ANSWER","Ids":["447ed813-4f87-4be1-882a-6be3ea2b8630"]}],"RowIndex":null,"RowSpan":null,"SelectionStatus":null,"Text":null,"TextType":null},{"BlockType":"QUERY","ColumnIndex":null,"ColumnSpan":null,"Confidence":null,"EntityTypes":null,"Geometry":null,"Hint":null,"Id":"26d9b6ad-1b79-4bc8-b855-db4e926e822d","Page":1,"PageClassification":null,"Query":{"Alias":null,"Pages":null,"Text":"What is the memo?"},"Relationships":[{"Type":"ANSWER","Ids":[]}],"RowIndex":null,"RowSpan":null,"SelectionStatus":null,"Text":null,"TextType":null},{"Geometry":{"BoundingBox":{"Top":0.5892951488494873,"Left":0.19041980803012848,"Width":0.5759949535131454,"Height":0.011921465396881104},"Polygon":[{"X":0.19041980803012848,"Y":0.5892951488494873},{"X":0.7664147615432739,"Y":0.5892951488494873},{"X":0.7664147615432739,"Y":0.6012166142463684},{"X":0.19041980803012848,"Y":0.6012166142463684}]},"BlockType":"QUERY_RESULT","Page":1,"Id":"7e01b79e-9832-46bb-b19b-63cf04ab337d","Text":"⑆700257229⑆ 12589325478⑉ 1452 ⑇01245785214⑆","Confidence":1,"SearchKey":"⑆700257229⑆ 12589325478⑉ 1452 ⑇01245785214⑆"},{"BlockType":"QUERY","ColumnIndex":null,"ColumnSpan":null,"Confidence":null,"EntityTypes":null,"Geometry":null,"Hint":null,"Id":"db0bdcf3-e269-477b-804c-3f0bc1b667ba","Page":1,"PageClassification":null,"Query":{"Alias":null,"Pages":null,"Text":"What is the MICR line?"},"Relationships":[{"Type":"ANSWER","Ids":["7e01b79e-9832-46bb-b19b-63cf04ab337d"]}],"RowIndex":null,"RowSpan":null,"SelectionStatus":null,"Text":null,"TextType":null}]}