{"DocumentMetadata":{"Pages":1},"Blocks":[{"BlockType":"QUERY_RESULT","ColumnIndex":null,"ColumnSpan":null,"Confidence":88,"EntityTypes":null,"Geometry":{"BoundingBox":{"Height":0.10941445827484131,"Left":0.13621047139167786,"Top":0.29709720611572266,"Width":0.27162885665893555},"Polygon":[{"X":0.13621047139167786,"Y":0.2974822521209717},{"X":0.4078143537044525,"Y":0.29709720611572266},{"X":0.4078393280506134,"Y":0.40610507130622864},{"X":0.13624155521392822,"Y":0.40651166439056396}]},"Hint":null,"Id":"c24f75fc-1266-4220-bcd5-1d4a3084170e","Page":1,"PageClassification":null,"Query":null,"Relationships":null,"RowIndex":null,"RowSpan":null,"SelectionStatus":null,"Text":"Jhonson Meenery","TextType":null,"SearchKey":"Jhonson Meenery"},{"BlockType":"QUERY","ColumnIndex":null,"ColumnSpan":null,"Confidence":null,"EntityTypes":null,"Geometry":null,"Hint":null,"Id":"d600ead3-e467-4ae6-83db-00aa2c806bd8","Page":1,"PageClassification":null,"Query":{"Alias":null,"Pages":null,"Text":"Who is the payee?"},"Relationships":[{"Type":"ANSWER","Ids":["c24f75fc-1266-4220-bcd5-1d4a3084170e"]}],"RowIndex":null,"RowSpan":null,"SelectionStatus":null,"Text":null,"TextType":null},{"BlockType":"QUERY_RESULT","ColumnIndex":null,"ColumnSpan":null,"Confidence":99,"EntityTypes":null,"Geometry":{"BoundingBox":{"Height":0.038332052528858185,"Left":0.8860636353492737,"Top":0.06958708167076111,"Width":0.03289773687720299},"Polygon":[{"X":0.8860636353492737,"Y":0.0696282759308815},{"X":0.9189566373825073,"Y":0.06958708167076111},{"X":0.9189614057540894,"Y":0.10787701606750488},{"X":0.8860686421394348,"Y":0.1079191341996193}]},"Hint":null,"Id":"df92e38f-b1a4-402f-a987-d27250d35289","Page":1,"PageClassification":null,"Query":null,"Relationships":null,"RowIndex":null,"RowSpan":null,"SelectionStatus":null,"Text":"1029","TextType":null,"SearchKey":"1029"},{"BlockType":"QUERY","ColumnIndex":null,"ColumnSpan":null,"Confidence":null,"EntityTypes":null,"Geometry":null,"Hint":null,"Id":"5cbc24b1-fd3a-4298-895b-9de6ce46d410","Page":1,"PageClassification":null,"Query":{"Alias":null,"Pages":null,"Text":"What is the check#?"},"Relationships":[{"Type":"ANSWER","Ids":["df92e38f-b1a4-402f-a987-d27250d35289"]}],"RowIndex":null,"RowSpan":null,"SelectionStatus":null,"Text":null,"TextType":null},{"BlockType":"QUERY","ColumnIndex":null,"ColumnSpan":null,"Confidence":null,"EntityTypes":null,"Geometry":null,"Hint":null,"Id":"e8747cb9-8701-475f-991a-8f9b1bebbc90","Page":1,"PageClassification":null,"Query":{"Alias":null,"Pages":null,"Text":"What is the customer name?"},"Relationships":[{"Type":"ANSWER","Ids":[]}],"RowIndex":null,"RowSpan":null,"SelectionStatus":null,"Text":null,"TextType":null},{"Geometry":{"BoundingBox":{"Top":0.8817493319511414,"Left":0.4960680603981018,"Width":0.0981566309928894,"Height":0.036877453327178955},"Polygon":[{"X":0.4960680603981018,"Y":0.8817493319511414},{"X":0.5942246913909912,"Y":0.8817493319511414},{"X":0.5942246913909912,"Y":0.9186267852783203},{"X":0.4960680603981018,"Y":0.9186267852783203}]},"BlockType":"QUERY_RESULT","Page":1,"Id":"d0bbe9bf-6e8c-400b-bd1c-744f52bba2f5","Text":"709778523","Confidence":1,"SearchKey":"⑆709778523"},{"BlockType":"QUERY","ColumnIndex":null,"ColumnSpan":null,"Confidence":null,"EntityTypes":null,"Geometry":null,"Hint":null,"Id":"a6b81fab-7b6f-413a-87c9-4ae9a6120451","Page":1,"PageClassification":null,"Query":{"Alias":null,"Pages":null,"Text":"What is the customer account#?"},"Relationships":[{"Type":"ANSWER","Ids":["d0bbe9bf-6e8c-400b-bd1c-744f52bba2f5"]}],"RowIndex":null,"RowSpan":null,"SelectionStatus":null,"Text":null,"TextType":null},{"BlockType":"QUERY","ColumnIndex":null,"ColumnSpan":null,"Confidence":null,"EntityTypes":null,"Geometry":null,"Hint":null,"Id":"0d47200f-4c01-4c4d-b49f-1035fa212711","Page":1,"PageClassification":null,"Query":{"Alias":null,"Pages":null,"Text":"What is the payee address?"},"Relationships":[{"Type":"ANSWER","Ids":[]}],"RowIndex":null,"RowSpan":null,"SelectionStatus":null,"Text":null,"TextType":null},{"BlockType":"QUERY_RESULT","ColumnIndex":null,"ColumnSpan":null,"Confidence":95,"EntityTypes":null,"Geometry":{"BoundingBox":{"Height":0.07382410019636154,"Left":0.84260493516922,"Top":0.13724170625209808,"Width":0.14449769258499146},"Polygon":[{"X":0.84260493516922,"Y":0.13742981851100922},{"X":0.9870945811271667,"Y":0.13724170625209808},{"X":0.9871026277542114,"Y":0.21086996793746948},{"X":0.8426151871681213,"Y":0.21106581389904022}]},"Hint":null,"Id":"52ec2a07-f4e3-4c83-8452-6799f883b743","Page":1,"PageClassification":null,"Query":null,"Relationships":null,"RowIndex":null,"RowSpan":null,"SelectionStatus":null,"Text":"08-08-2021","TextType":null,"SearchKey":"08-08-2021"},{"BlockType":"QUERY","ColumnIndex":null,"ColumnSpan":null,"Confidence":null,"EntityTypes":null,"Geometry":null,"Hint":null,"Id":"c3dc7a16-e9cf-4145-bba6-1983b9eb4a00","Page":1,"PageClassification":null,"Query":{"Alias":null,"Pages":null,"Text":"What is the date?"},"Relationships":[{"Type":"ANSWER","Ids":["52ec2a07-f4e3-4c83-8452-6799f883b743"]}],"RowIndex":null,"RowSpan":null,"SelectionStatus":null,"Text":null,"TextType":null},{"BlockType":"QUERY_RESULT","ColumnIndex":null,"ColumnSpan":null,"Confidence":98,"EntityTypes":null,"Geometry":{"BoundingBox":{"Height":0.11549264192581177,"Left":0.13273043930530548,"Top":0.4648723304271698,"Width":0.3750566840171814},"Polygon":[{"X":0.13273043930530548,"Y":0.46544986963272095},{"X":0.507763147354126,"Y":0.4648723304271698},{"X":0.5077871084213257,"Y":0.5797560811042786},{"X":0.13276328146457672,"Y":0.5803649425506592}]},"Hint":null,"Id":"6b0de1d3-54d9-46d9-99b4-ece58f071a99","Page":1,"PageClassification":null,"Query":null,"Relationships":null,"RowIndex":null,"RowSpan":null,"SelectionStatus":null,"Text":"Seven thousand Euro only","TextType":null,"SearchKey":"Seven thousand Euro only"},{"BlockType":"QUERY","ColumnIndex":null,"ColumnSpan":null,"Confidence":null,"EntityTypes":null,"Geometry":null,"Hint":null,"Id":"7faa8437-0da5-4dfe-bc78-3153999e6a94","Page":1,"PageClassification":null,"Query":{"Alias":null,"Pages":null,"Text":"What is the check amount in words?"},"Relationships":[{"Type":"ANSWER","Ids":["6b0de1d3-54d9-46d9-99b4-ece58f071a99"]}],"RowIndex":null,"RowSpan":null,"SelectionStatus":null,"Text":null,"TextType":null},{"BlockType":"QUERY_RESULT","ColumnIndex":null,"ColumnSpan":null,"Confidence":94,"EntityTypes":null,"Geometry":{"BoundingBox":{"Height":0.076838418841362,"Left":0.715764582157135,"Top":0.46134647727012634,"Width":0.16918553411960602},"Polygon":[{"X":0.715764582157135,"Y":0.4616066515445709},{"X":0.8849400877952576,"Y":0.46134647727012634},{"X":0.8849501609802246,"Y":0.5379152894020081},{"X":0.7157772779464722,"Y":0.5381848812103271}]},"Hint":null,"Id":"a653b040-c635-4c57-88dc-7f80784bc9cf","Page":1,"PageClassification":null,"Query":null,"Relationships":null,"RowIndex":null,"RowSpan":null,"SelectionStatus":null,"Text":"7000.00","TextType":null,"SearchKey":"7000.00"},{"BlockType":"QUERY","ColumnIndex":null,"ColumnSpan":null,"Confidence":null,"EntityTypes":null,"Geometry":null,"Hint":null,"Id":"4d121217-dedc-4e6d-ad53-bd99d7edbeb7","Page":1,"PageClassification":null,"Query":{"Alias":null,"Pages":null,"Text":"What is the dollar amount?"},"Relationships":[{"Type":"ANSWER","Ids":["a653b040-c635-4c57-88dc-7f80784bc9cf"]}],"RowIndex":null,"RowSpan":null,"SelectionStatus":null,"Text":null,"TextType":null},{"BlockType":"QUERY","ColumnIndex":null,"ColumnSpan":null,"Confidence":null,"EntityTypes":null,"Geometry":null,"Hint":null,"Id":"78e189dc-050f-4e65-bfed-51c13ab2d8e2","Page":1,"PageClassification":null,"Query":{"Alias":null,"Pages":null,"Text":"What is the account name/payer/drawer name?"},"Relationships":[{"Type":"ANSWER","Ids":[]}],"RowIndex":null,"RowSpan":null,"SelectionStatus":null,"Text":null,"TextType":null},{"BlockType":"QUERY_RESULT","ColumnIndex":null,"ColumnSpan":null,"Confidence":97,"EntityTypes":null,"Geometry":{"BoundingBox":{"Height":0.03555893525481224,"Left":0.3703334331512451,"Top":0.8772912621498108,"Width":0.11519350856542587},"Polygon":[{"X":0.3703334331512451,"Y":0.8775032758712769},{"X":0.4855194091796875,"Y":0.8772912621498108},{"X":0.4855269491672516,"Y":0.9126352667808533},{"X":0.37034180760383606,"Y":0.9128502011299133}]},"Hint":null,"Id":"90262d83-a029-4668-b01c-e2ba16dddef2","Page":1,"PageClassification":null,"Query":null,"Relationships":null,"RowIndex":null,"RowSpan":null,"SelectionStatus":null,"Text":"43553109301","TextType":null,"SearchKey":"43553109301"},{"BlockType":"QUERY","ColumnIndex":null,"ColumnSpan":null,"Confidence":null,"EntityTypes":null,"Geometry":null,"Hint":null,"Id":"35f8126b-bf97-4e54-ab56-10a3ea263d8d","Page":1,"PageClassification":null,"Query":{"Alias":null,"Pages":null,"Text":"What is the bank routing number?"},"Relationships":[{"Type":"ANSWER","Ids":["90262d83-a029-4668-b01c-e2ba16dddef2"]}],"RowIndex":null,"RowSpan":null,"SelectionStatus":null,"Text":null,"TextType":null},{"BlockType":"QUERY_RESULT","ColumnIndex":null,"ColumnSpan":null,"Confidence":98,"EntityTypes":null,"Geometry":{"BoundingBox":{"Height":0.25286242365837097,"Left":0.5311888456344604,"Top":0.2699427008628845,"Width":0.14808440208435059},"Polygon":[{"X":0.5311888456344604,"Y":0.27014967799186707},{"X":0.6792294979095459,"Y":0.2699427008628845},{"X":0.679273247718811,"Y":0.5225709080696106},{"X":0.5312402844429016,"Y":0.5228050947189331}]},"Hint":null,"Id":"3b694395-9d7a-497d-adea-62e05d9d6d2e","Page":1,"PageClassification":null,"Query":null,"Relationships":null,"RowIndex":null,"RowSpan":null,"SelectionStatus":null,"Text":"Ulster Bank","TextType":null,"SearchKey":"Ulster Bank"},{"BlockType":"QUERY","ColumnIndex":null,"ColumnSpan":null,"Confidence":null,"EntityTypes":null,"Geometry":null,"Hint":null,"Id":"6a411eb7-e937-415b-961d-08c61bacab33","Page":1,"PageClassification":null,"Query":{"Alias":null,"Pages":null,"Text":"What is the bank name/drawee name?"},"Relationships":[{"Type":"ANSWER","Ids":["3b694395-9d7a-497d-adea-62e05d9d6d2e"]}],"RowIndex":null,"RowSpan":null,"SelectionStatus":null,"Text":null,"TextType":null},{"BlockType":"QUERY_RESULT","ColumnIndex":null,"ColumnSpan":null,"Confidence":97,"EntityTypes":null,"Geometry":null,"Hint":null,"Id":"2b288fc9-a4d3-4c2d-9b8d-af94b354c5a7","Page":1,"PageClassification":null,"Query":null,"Relationships":null,"RowIndex":null,"RowSpan":null,"SelectionStatus":null,"Text":"1","TextType":null,"SearchKey":"1"},{"BlockType":"QUERY","ColumnIndex":null,"ColumnSpan":null,"Confidence":null,"EntityTypes":null,"Geometry":null,"Hint":null,"Id":"6693b88a-c224-4737-86f4-a92d2521c5f8","Page":1,"PageClassification":null,"Query":{"Alias":null,"Pages":null,"Text":"What is the memo?"},"Relationships":[{"Type":"ANSWER","Ids":["2b288fc9-a4d3-4c2d-9b8d-af94b354c5a7"]}],"RowIndex":null,"RowSpan":null,"SelectionStatus":null,"Text":null,"TextType":null},{"Geometry":{"BoundingBox":{"Top":0.8778514862060547,"Left":0.37036728858947754,"Width":0.4123632311820984,"Height":0.04572582244873047},"Polygon":[{"X":0.37036728858947754,"Y":0.8778514862060547},{"X":0.7827305197715759,"Y":0.8778514862060547},{"X":0.7827305197715759,"Y":0.9235773086547852},{"X":0.37036728858947754,"Y":0.9235773086547852}]},"BlockType":"QUERY_RESULT","Page":1,"Id":"f9fff3a1-50ea-4f99-b2f5-265e7e35ba08","Text":"⑆43553109301 ⑆709778523 ⑆1029 ⑆00854400270","Confidence":1,"SearchKey":"⑆43553109301 ⑆709778523 ⑆1029 ⑆00854400270"},{"BlockType":"QUERY","ColumnIndex":null,"ColumnSpan":null,"Confidence":null,"EntityTypes":null,"Geometry":null,"Hint":null,"Id":"5fdf68f8-d499-4784-a36e-dd8f141dc6a6","Page":1,"PageClassification":null,"Query":{"Alias":null,"Pages":null,"Text":"What is the MICR line?"},"Relationships":[{"Type":"ANSWER","Ids":["f9fff3a1-50ea-4f99-b2f5-265e7e35ba08"]}],"RowIndex":null,"RowSpan":null,"SelectionStatus":null,"Text":null,"TextType":null}]}