{"DocumentMetadata":{"Pages":1},"Blocks":[{"BlockType":"QUERY_RESULT","ColumnIndex":null,"ColumnSpan":null,"Confidence":99,"EntityTypes":null,"Geometry":{"BoundingBox":{"Height":0.011661561205983162,"Left":0.18527747690677643,"Top":0.4474613666534424,"Width":0.13764043152332306},"Polygon":[{"X":0.18527747690677643,"Y":0.44762250781059265},{"X":0.32289934158325195,"Y":0.4474613666534424},{"X":0.3229179084300995,"Y":0.4589617848396301},{"X":0.1852954626083374,"Y":0.4591229259967804}]},"Hint":null,"Id":"532b45fd-996a-4055-b43d-ff19766f11a9","Page":1,"PageClassification":null,"Query":null,"Relationships":null,"RowIndex":null,"RowSpan":null,"SelectionStatus":null,"Text":"Gabriele Frabotta","TextType":null,"SearchKey":"Gabriele Frabotta"},{"BlockType":"QUERY","ColumnIndex":null,"ColumnSpan":null,"Confidence":null,"EntityTypes":null,"Geometry":null,"Hint":null,"Id":"469d4bcb-81a8-4b24-ac5a-e73076322c29","Page":1,"PageClassification":null,"Query":{"Alias":null,"Pages":null,"Text":"Who is the payee?"},"Relationships":[{"Type":"ANSWER","Ids":["532b45fd-996a-4055-b43d-ff19766f11a9"]}],"RowIndex":null,"RowSpan":null,"SelectionStatus":null,"Text":null,"TextType":null},{"BlockType":"QUERY_RESULT","ColumnIndex":null,"ColumnSpan":null,"Confidence":99,"EntityTypes":null,"Geometry":{"BoundingBox":{"Height":0.010334582068026066,"Left":0.596543550491333,"Top":0.88418048620224,"Width":0.03521020710468292},"Polygon":[{"X":0.596543550491333,"Y":0.8842220306396484},{"X":0.6317359805107117,"Y":0.88418048620224},{"X":0.6317537426948547,"Y":0.8944734930992126},{"X":0.5965611934661865,"Y":0.8945150375366211}]},"Hint":null,"Id":"9a92173e-2414-4481-b413-fc7361fc4a46","Page":1,"PageClassification":null,"Query":null,"Relationships":null,"RowIndex":null,"RowSpan":null,"SelectionStatus":null,"Text":"1233","TextType":null,"SearchKey":"1233"},{"BlockType":"QUERY","ColumnIndex":null,"ColumnSpan":null,"Confidence":null,"EntityTypes":null,"Geometry":null,"Hint":null,"Id":"fcc76b9e-299d-408e-a82c-2690b96e7999","Page":1,"PageClassification":null,"Query":{"Alias":null,"Pages":null,"Text":"What is the check#?"},"Relationships":[{"Type":"ANSWER","Ids":["9a92173e-2414-4481-b413-fc7361fc4a46"]}],"RowIndex":null,"RowSpan":null,"SelectionStatus":null,"Text":null,"TextType":null},{"BlockType":"QUERY","ColumnIndex":null,"ColumnSpan":null,"Confidence":null,"EntityTypes":null,"Geometry":null,"Hint":null,"Id":"fbe37872-5d1e-4dcc-a2a9-1a6aa71fbfcd","Page":1,"PageClassification":null,"Query":{"Alias":null,"Pages":null,"Text":"What is the customer name?"},"Relationships":[{"Type":"ANSWER","Ids":[]}],"RowIndex":null,"RowSpan":null,"SelectionStatus":null,"Text":null,"TextType":null},{"Geometry":{"BoundingBox":{"Top":0.5880144238471985,"Left":0.3616526126861572,"Width":0.17276901006698608,"Height":0.011759757995605469},"Polygon":[{"X":0.3616526126861572,"Y":0.5880144238471985},{"X":0.5344216227531433,"Y":0.5880144238471985},{"X":0.5344216227531433,"Y":0.599774181842804},{"X":0.3616526126861572,"Y":0.599774181842804}]},"BlockType":"QUERY_RESULT","Page":1,"Id":"4cef9f9d-91ac-4faa-98f1-436143a00bd5","Text":"800120014778","Confidence":1,"SearchKey":"800120014778⑉"},{"BlockType":"QUERY","ColumnIndex":null,"ColumnSpan":null,"Confidence":null,"EntityTypes":null,"Geometry":null,"Hint":null,"Id":"2ce2df3f-4611-4762-8800-b9c720ac0d00","Page":1,"PageClassification":null,"Query":{"Alias":null,"Pages":null,"Text":"What is the customer account#?"},"Relationships":[{"Type":"ANSWER","Ids":["4cef9f9d-91ac-4faa-98f1-436143a00bd5"]}],"RowIndex":null,"RowSpan":null,"SelectionStatus":null,"Text":null,"TextType":null},{"BlockType":"QUERY","ColumnIndex":null,"ColumnSpan":null,"Confidence":null,"EntityTypes":null,"Geometry":null,"Hint":null,"Id":"49928a91-f961-4d99-af3a-d3a7676d866c","Page":1,"PageClassification":null,"Query":{"Alias":null,"Pages":null,"Text":"What is the payee address?"},"Relationships":[{"Type":"ANSWER","Ids":[]}],"RowIndex":null,"RowSpan":null,"SelectionStatus":null,"Text":null,"TextType":null},{"BlockType":"QUERY_RESULT","ColumnIndex":null,"ColumnSpan":null,"Confidence":99,"EntityTypes":null,"Geometry":{"BoundingBox":{"Height":0.013400564901530743,"Left":0.7669272422790527,"Top":0.38511961698532104,"Width":0.07274122536182404},"Polygon":[{"X":0.7669272422790527,"Y":0.3852046728134155},{"X":0.8396444916725159,"Y":0.38511961698532104},{"X":0.8396685123443604,"Y":0.39843514561653137},{"X":0.7669509053230286,"Y":0.39852020144462585}]},"Hint":null,"Id":"1bd0b26e-9154-4af7-a7bb-34fa0bc99dd6","Page":1,"PageClassification":null,"Query":null,"Relationships":null,"RowIndex":null,"RowSpan":null,"SelectionStatus":null,"Text":"09/01/21","TextType":null,"SearchKey":"09/01/21"},{"BlockType":"QUERY","ColumnIndex":null,"ColumnSpan":null,"Confidence":null,"EntityTypes":null,"Geometry":null,"Hint":null,"Id":"dab6df01-6b63-4889-975a-88dab0bc3f05","Page":1,"PageClassification":null,"Query":{"Alias":null,"Pages":null,"Text":"What is the date?"},"Relationships":[{"Type":"ANSWER","Ids":["1bd0b26e-9154-4af7-a7bb-34fa0bc99dd6"]}],"RowIndex":null,"RowSpan":null,"SelectionStatus":null,"Text":null,"TextType":null},{"BlockType":"QUERY_RESULT","ColumnIndex":null,"ColumnSpan":null,"Confidence":96,"EntityTypes":null,"Geometry":{"BoundingBox":{"Height":0.01561161782592535,"Left":0.1298069804906845,"Top":0.47807827591896057,"Width":0.40898463129997253},"Polygon":[{"X":0.1298069804906845,"Y":0.4785573482513428},{"X":0.5387659668922424,"Y":0.47807827591896057},{"X":0.5387915968894958,"Y":0.49321064352989197},{"X":0.12983034551143646,"Y":0.4936898946762085}]},"Hint":null,"Id":"e0f69d89-8502-46a7-a9c8-66817e27b9d2","Page":1,"PageClassification":null,"Query":null,"Relationships":null,"RowIndex":null,"RowSpan":null,"SelectionStatus":null,"Text":"Thirty One Thousand Three Hundred And Four Only","TextType":null,"SearchKey":"Thirty One Thousand Three Hundred And Four Only"},{"BlockType":"QUERY","ColumnIndex":null,"ColumnSpan":null,"Confidence":null,"EntityTypes":null,"Geometry":null,"Hint":null,"Id":"2b0224f7-8c2e-46b8-962a-daad0064f02a","Page":1,"PageClassification":null,"Query":{"Alias":null,"Pages":null,"Text":"What is the check amount in words?"},"Relationships":[{"Type":"ANSWER","Ids":["e0f69d89-8502-46a7-a9c8-66817e27b9d2"]}],"RowIndex":null,"RowSpan":null,"SelectionStatus":null,"Text":null,"TextType":null},{"BlockType":"QUERY_RESULT","ColumnIndex":null,"ColumnSpan":null,"Confidence":67,"EntityTypes":null,"Geometry":{"BoundingBox":{"Height":0.0182975921779871,"Left":0.7740806341171265,"Top":0.4504256546497345,"Width":0.11888541281223297},"Polygon":[{"X":0.7740806341171265,"Y":0.45056480169296265},{"X":0.8929330110549927,"Y":0.4504256546497345},{"X":0.892966091632843,"Y":0.4685840308666229},{"X":0.7741129398345947,"Y":0.46872323751449585}]},"Hint":null,"Id":"b6db53d8-24fe-4120-a5c9-441ba478358f","Page":1,"PageClassification":null,"Query":null,"Relationships":null,"RowIndex":null,"RowSpan":null,"SelectionStatus":null,"Text":"$31,304.00","TextType":null,"SearchKey":"$31,304.00"},{"BlockType":"QUERY","ColumnIndex":null,"ColumnSpan":null,"Confidence":null,"EntityTypes":null,"Geometry":null,"Hint":null,"Id":"359da1ef-6868-4ed4-b0ca-c02c691898a0","Page":1,"PageClassification":null,"Query":{"Alias":null,"Pages":null,"Text":"What is the dollar amount?"},"Relationships":[{"Type":"ANSWER","Ids":["b6db53d8-24fe-4120-a5c9-441ba478358f"]}],"RowIndex":null,"RowSpan":null,"SelectionStatus":null,"Text":null,"TextType":null},{"BlockType":"QUERY","ColumnIndex":null,"ColumnSpan":null,"Confidence":null,"EntityTypes":null,"Geometry":null,"Hint":null,"Id":"e8a007e0-1233-4a10-bfa1-c0ff158354f0","Page":1,"PageClassification":null,"Query":{"Alias":null,"Pages":null,"Text":"What is the account name/payer/drawer name?"},"Relationships":[{"Type":"ANSWER","Ids":[]}],"RowIndex":null,"RowSpan":null,"SelectionStatus":null,"Text":null,"TextType":null},{"Geometry":{"BoundingBox":{"Top":0.5884249210357666,"Left":0.2002500742673874,"Width":0.14762334525585175,"Height":0.012025833129882812},"Polygon":[{"X":0.2002500742673874,"Y":0.5884249210357666},{"X":0.34787341952323914,"Y":0.5884249210357666},{"X":0.34787341952323914,"Y":0.6004507541656494},{"X":0.2002500742673874,"Y":0.6004507541656494}]},"BlockType":"QUERY_RESULT","Page":1,"Id":"09f40862-1650-4d41-b507-02bbce6bf15f","Text":"142514589","Confidence":1,"SearchKey":"⑆142514589⑆"},{"BlockType":"QUERY","ColumnIndex":null,"ColumnSpan":null,"Confidence":null,"EntityTypes":null,"Geometry":null,"Hint":null,"Id":"2c5cb2a8-af78-44f7-bc69-39060362415d","Page":1,"PageClassification":null,"Query":{"Alias":null,"Pages":null,"Text":"What is the bank routing number?"},"Relationships":[{"Type":"ANSWER","Ids":["09f40862-1650-4d41-b507-02bbce6bf15f"]}],"RowIndex":null,"RowSpan":null,"SelectionStatus":null,"Text":null,"TextType":null},{"BlockType":"QUERY_RESULT","ColumnIndex":null,"ColumnSpan":null,"Confidence":97,"EntityTypes":null,"Geometry":{"BoundingBox":{"Height":0.026171965524554253,"Left":0.0626208558678627,"Top":0.35268136858940125,"Width":0.07110187411308289},"Polygon":[{"X":0.0626208558678627,"Y":0.35276442766189575},{"X":0.13368241488933563,"Y":0.35268136858940125},{"X":0.13372273743152618,"Y":0.37877026200294495},{"X":0.06266049295663834,"Y":0.37885335087776184}]},"Hint":null,"Id":"907f4c13-5888-49b8-a429-e8dcac201fc8","Page":1,"PageClassification":null,"Query":null,"Relationships":null,"RowIndex":null,"RowSpan":null,"SelectionStatus":null,"Text":"WELLS FARGO","TextType":null,"SearchKey":"WELLS FARGO"},{"BlockType":"QUERY","ColumnIndex":null,"ColumnSpan":null,"Confidence":null,"EntityTypes":null,"Geometry":null,"Hint":null,"Id":"92ec05ba-d2e7-4d96-a262-21461006d2dc","Page":1,"PageClassification":null,"Query":{"Alias":null,"Pages":null,"Text":"What is the bank name/drawee name?"},"Relationships":[{"Type":"ANSWER","Ids":["907f4c13-5888-49b8-a429-e8dcac201fc8"]}],"RowIndex":null,"RowSpan":null,"SelectionStatus":null,"Text":null,"TextType":null},{"BlockType":"QUERY","ColumnIndex":null,"ColumnSpan":null,"Confidence":null,"EntityTypes":null,"Geometry":null,"Hint":null,"Id":"7fae8b13-7263-4183-b68d-3d4f3cc43d33","Page":1,"PageClassification":null,"Query":{"Alias":null,"Pages":null,"Text":"What is the memo?"},"Relationships":[{"Type":"ANSWER","Ids":[]}],"RowIndex":null,"RowSpan":null,"SelectionStatus":null,"Text":null,"TextType":null},{"Geometry":{"BoundingBox":{"Top":0.5870034098625183,"Left":0.2002500742673874,"Width":0.5887214094400406,"Height":0.013447344303131104},"Polygon":[{"X":0.2002500742673874,"Y":0.5870034098625183},{"X":0.788971483707428,"Y":0.5870034098625183},{"X":0.788971483707428,"Y":0.6004507541656494},{"X":0.2002500742673874,"Y":0.6004507541656494}]},"BlockType":"QUERY_RESULT","Page":1,"Id":"c9fa4766-97d8-4737-bfa5-59a30b545d24","Text":"⑆142514589⑆ 800120014778⑉ 1233 ⑇22548771478⑆","Confidence":1,"SearchKey":"⑆142514589⑆ 800120014778⑉ 1233 ⑇22548771478⑆"},{"BlockType":"QUERY","ColumnIndex":null,"ColumnSpan":null,"Confidence":null,"EntityTypes":null,"Geometry":null,"Hint":null,"Id":"194284ea-2541-4bce-bc24-9acd01101739","Page":1,"PageClassification":null,"Query":{"Alias":null,"Pages":null,"Text":"What is the MICR line?"},"Relationships":[{"Type":"ANSWER","Ids":["c9fa4766-97d8-4737-bfa5-59a30b545d24"]}],"RowIndex":null,"RowSpan":null,"SelectionStatus":null,"Text":null,"TextType":null}]}