{"DocumentMetadata":{"Pages":1},"Blocks":[{"BlockType":"QUERY_RESULT","ColumnIndex":null,"ColumnSpan":null,"Confidence":96,"EntityTypes":null,"Geometry":{"BoundingBox":{"Height":0.03456934913992882,"Left":0.27802032232284546,"Top":0.4501636028289795,"Width":0.07717137783765793},"Polygon":[{"X":0.2780296504497528,"Y":0.4501636028289795},{"X":0.355191707611084,"Y":0.45033541321754456},{"X":0.3551836311817169,"Y":0.4847329556941986},{"X":0.27802032232284546,"Y":0.48456063866615295}]},"Hint":null,"Id":"a17c78ef-1bfa-47ee-b67a-13ecdf3feb77","Page":1,"PageClassification":null,"Query":null,"Relationships":null,"RowIndex":null,"RowSpan":null,"SelectionStatus":null,"Text":"Tina Sherill","TextType":null,"SearchKey":"Tina Sherill"},{"BlockType":"QUERY","ColumnIndex":null,"ColumnSpan":null,"Confidence":null,"EntityTypes":null,"Geometry":null,"Hint":null,"Id":"e5fe9f52-3c0a-47f1-bd54-86ac3b5f310b","Page":1,"PageClassification":null,"Query":{"Alias":null,"Pages":null,"Text":"Who is the payee?"},"Relationships":[{"Type":"ANSWER","Ids":["a17c78ef-1bfa-47ee-b67a-13ecdf3feb77"]}],"RowIndex":null,"RowSpan":null,"SelectionStatus":null,"Text":null,"TextType":null},{"BlockType":"QUERY_RESULT","ColumnIndex":null,"ColumnSpan":null,"Confidence":99,"EntityTypes":null,"Geometry":{"BoundingBox":{"Height":0.030638856813311577,"Left":0.918386697769165,"Top":0.1267428994178772,"Width":0.03190755844116211},"Polygon":[{"X":0.918386697769165,"Y":0.1267428994178772},{"X":0.9502930045127869,"Y":0.12681196630001068},{"X":0.9502942562103271,"Y":0.15738175809383392},{"X":0.9183875322341919,"Y":0.1573125123977661}]},"Hint":null,"Id":"46926ecb-f394-45ca-b56f-1131dc409992","Page":1,"PageClassification":null,"Query":null,"Relationships":null,"RowIndex":null,"RowSpan":null,"SelectionStatus":null,"Text":"9984","TextType":null,"SearchKey":"9984"},{"BlockType":"QUERY","ColumnIndex":null,"ColumnSpan":null,"Confidence":null,"EntityTypes":null,"Geometry":null,"Hint":null,"Id":"dc88b540-5a1f-4bf2-aee6-f4336ff419e7","Page":1,"PageClassification":null,"Query":{"Alias":null,"Pages":null,"Text":"What is the check#?"},"Relationships":[{"Type":"ANSWER","Ids":["46926ecb-f394-45ca-b56f-1131dc409992"]}],"RowIndex":null,"RowSpan":null,"SelectionStatus":null,"Text":null,"TextType":null},{"BlockType":"QUERY_RESULT","ColumnIndex":null,"ColumnSpan":null,"Confidence":99,"EntityTypes":null,"Geometry":{"BoundingBox":{"Height":0.03456934913992882,"Left":0.27802032232284546,"Top":0.4501636028289795,"Width":0.07717137783765793},"Polygon":[{"X":0.2780296504497528,"Y":0.4501636028289795},{"X":0.355191707611084,"Y":0.45033541321754456},{"X":0.3551836311817169,"Y":0.4847329556941986},{"X":0.27802032232284546,"Y":0.48456063866615295}]},"Hint":null,"Id":"c6365e09-d066-4629-be22-7b8ee233bb5b","Page":1,"PageClassification":null,"Query":null,"Relationships":null,"RowIndex":null,"RowSpan":null,"SelectionStatus":null,"Text":"Tina Sherill","TextType":null,"SearchKey":"Tina Sherill"},{"BlockType":"QUERY","ColumnIndex":null,"ColumnSpan":null,"Confidence":null,"EntityTypes":null,"Geometry":null,"Hint":null,"Id":"fad939ca-501a-4d2a-9500-18aa75b985b0","Page":1,"PageClassification":null,"Query":{"Alias":null,"Pages":null,"Text":"What is the customer name?"},"Relationships":[{"Type":"ANSWER","Ids":["c6365e09-d066-4629-be22-7b8ee233bb5b"]}],"RowIndex":null,"RowSpan":null,"SelectionStatus":null,"Text":null,"TextType":null},{"Geometry":{"BoundingBox":{"Top":0.8855137228965759,"Left":0.3738892674446106,"Width":0.12590742111206055,"Height":0.035211920738220215},"Polygon":[{"X":0.3738892674446106,"Y":0.8855137228965759},{"X":0.49979668855667114,"Y":0.8855137228965759},{"X":0.49979668855667114,"Y":0.9207256436347961},{"X":0.3738892674446106,"Y":0.9207256436347961}]},"BlockType":"QUERY_RESULT","Page":1,"Id":"8c326665-4db7-4ba7-b4f8-a2075f6f3a3f","Text":"44780124121","Confidence":1,"SearchKey":"44780124121"},{"BlockType":"QUERY","ColumnIndex":null,"ColumnSpan":null,"Confidence":null,"EntityTypes":null,"Geometry":null,"Hint":null,"Id":"b64163cc-611a-4041-af3b-ce36582f28fc","Page":1,"PageClassification":null,"Query":{"Alias":null,"Pages":null,"Text":"What is the customer account#?"},"Relationships":[{"Type":"ANSWER","Ids":["8c326665-4db7-4ba7-b4f8-a2075f6f3a3f"]}],"RowIndex":null,"RowSpan":null,"SelectionStatus":null,"Text":null,"TextType":null},{"BlockType":"QUERY_RESULT","ColumnIndex":null,"ColumnSpan":null,"Confidence":98,"EntityTypes":null,"Geometry":{"BoundingBox":{"Height":0.0978843942284584,"Left":0.2794727087020874,"Top":0.5036738514900208,"Width":0.18552063405513763},"Polygon":[{"X":0.2794990539550781,"Y":0.5036738514900208},{"X":0.46499335765838623,"Y":0.504088819026947},{"X":0.46497541666030884,"Y":0.601558268070221},{"X":0.2794727087020874,"Y":0.6011398434638977}]},"Hint":null,"Id":"bccb55f6-6db1-4e55-b4fc-c0a1d2e62fef","Page":1,"PageClassification":null,"Query":null,"Relationships":null,"RowIndex":null,"RowSpan":null,"SelectionStatus":null,"Text":"1706 Military Street South, Hamilton AL 35570","TextType":null,"SearchKey":"1706 Military Street South, Hamilton AL 35570"},{"BlockType":"QUERY","ColumnIndex":null,"ColumnSpan":null,"Confidence":null,"EntityTypes":null,"Geometry":null,"Hint":null,"Id":"6c59a924-ee92-4864-a926-19001b51ce72","Page":1,"PageClassification":null,"Query":{"Alias":null,"Pages":null,"Text":"What is the payee address?"},"Relationships":[{"Type":"ANSWER","Ids":["bccb55f6-6db1-4e55-b4fc-c0a1d2e62fef"]}],"RowIndex":null,"RowSpan":null,"SelectionStatus":null,"Text":null,"TextType":null},{"BlockType":"QUERY_RESULT","ColumnIndex":null,"ColumnSpan":null,"Confidence":98,"EntityTypes":null,"Geometry":{"BoundingBox":{"Height":0.03461572900414467,"Left":0.3292796015739441,"Top":0.18851150572299957,"Width":0.10387042164802551},"Polygon":[{"X":0.329288125038147,"Y":0.18851150572299957},{"X":0.4331500232219696,"Y":0.18873757123947144},{"X":0.4331431984901428,"Y":0.22312723100185394},{"X":0.3292796015739441,"Y":0.22290049493312836}]},"Hint":null,"Id":"2c9e8577-7751-4989-bf0c-cc832f0ecabb","Page":1,"PageClassification":null,"Query":null,"Relationships":null,"RowIndex":null,"RowSpan":null,"SelectionStatus":null,"Text":"03 06 21","TextType":null,"SearchKey":"03 06 21"},{"BlockType":"QUERY","ColumnIndex":null,"ColumnSpan":null,"Confidence":null,"EntityTypes":null,"Geometry":null,"Hint":null,"Id":"36273d31-1df4-4a9b-9726-884846d9076a","Page":1,"PageClassification":null,"Query":{"Alias":null,"Pages":null,"Text":"What is the date?"},"Relationships":[{"Type":"ANSWER","Ids":["2c9e8577-7751-4989-bf0c-cc832f0ecabb"]}],"RowIndex":null,"RowSpan":null,"SelectionStatus":null,"Text":null,"TextType":null},{"BlockType":"QUERY_RESULT","ColumnIndex":null,"ColumnSpan":null,"Confidence":91,"EntityTypes":null,"Geometry":{"BoundingBox":{"Height":0.0447709895670414,"Left":0.5355224609375,"Top":0.20997659862041473,"Width":0.3776733875274658},"Polygon":[{"X":0.5355290770530701,"Y":0.20997659862041473},{"X":0.9131947755813599,"Y":0.21080009639263153},{"X":0.9131958484649658,"Y":0.25474756956100464},{"X":0.5355224609375,"Y":0.25392088294029236}]},"Hint":null,"Id":"c75cd8e9-4e94-474d-b4f1-0bb07a2a2cfd","Page":1,"PageClassification":null,"Query":null,"Relationships":null,"RowIndex":null,"RowSpan":null,"SelectionStatus":null,"Text":"Eighteen thousand Five hundred 40/100 Dollars only","TextType":null,"SearchKey":"Eighteen thousand Five hundred 40/100 Dollars only"},{"BlockType":"QUERY","ColumnIndex":null,"ColumnSpan":null,"Confidence":null,"EntityTypes":null,"Geometry":null,"Hint":null,"Id":"c3e3cbdb-a350-4b5f-a06e-58a8103df3ab","Page":1,"PageClassification":null,"Query":{"Alias":null,"Pages":null,"Text":"What is the check amount in words?"},"Relationships":[{"Type":"ANSWER","Ids":["c75cd8e9-4e94-474d-b4f1-0bb07a2a2cfd"]}],"RowIndex":null,"RowSpan":null,"SelectionStatus":null,"Text":null,"TextType":null},{"BlockType":"QUERY_RESULT","ColumnIndex":null,"ColumnSpan":null,"Confidence":76,"EntityTypes":null,"Geometry":{"BoundingBox":{"Height":0.042236004024744034,"Left":0.804854154586792,"Top":0.4226704239845276,"Width":0.08608344197273254},"Polygon":[{"X":0.804855227470398,"Y":0.4226704239845276},{"X":0.8909369707107544,"Y":0.42286160588264465},{"X":0.8909376263618469,"Y":0.4649064242839813},{"X":0.804854154586792,"Y":0.46471452713012695}]},"Hint":null,"Id":"4acf8375-4290-437d-9fd8-360786710cae","Page":1,"PageClassification":null,"Query":null,"Relationships":null,"RowIndex":null,"RowSpan":null,"SelectionStatus":null,"Text":"$18 500.40","TextType":null,"SearchKey":"$18 500.40"},{"BlockType":"QUERY","ColumnIndex":null,"ColumnSpan":null,"Confidence":null,"EntityTypes":null,"Geometry":null,"Hint":null,"Id":"2d2ee93a-5e92-4c49-9441-ae6a56393eb3","Page":1,"PageClassification":null,"Query":{"Alias":null,"Pages":null,"Text":"What is the dollar amount?"},"Relationships":[{"Type":"ANSWER","Ids":["4acf8375-4290-437d-9fd8-360786710cae"]}],"RowIndex":null,"RowSpan":null,"SelectionStatus":null,"Text":null,"TextType":null},{"BlockType":"QUERY","ColumnIndex":null,"ColumnSpan":null,"Confidence":null,"EntityTypes":null,"Geometry":null,"Hint":null,"Id":"b06e0155-7d1b-4f10-a20e-37c30f01c856","Page":1,"PageClassification":null,"Query":{"Alias":null,"Pages":null,"Text":"What is the account name/payer/drawer name?"},"Relationships":[{"Type":"ANSWER","Ids":[]}],"RowIndex":null,"RowSpan":null,"SelectionStatus":null,"Text":null,"TextType":null},{"Geometry":{"BoundingBox":{"Top":0.8852174878120422,"Left":0.24607546627521515,"Width":0.11379580199718475,"Height":0.03538823127746582},"Polygon":[{"X":0.24607546627521515,"Y":0.8852174878120422},{"X":0.3598712682723999,"Y":0.8852174878120422},{"X":0.3598712682723999,"Y":0.9206057190895081},{"X":0.24607546627521515,"Y":0.9206057190895081}]},"BlockType":"QUERY_RESULT","Page":1,"Id":"2f223211-6d3a-45f5-8eaa-1c9f0c228bdd","Text":"147755501","Confidence":1,"SearchKey":"⑆147755501"},{"BlockType":"QUERY","ColumnIndex":null,"ColumnSpan":null,"Confidence":null,"EntityTypes":null,"Geometry":null,"Hint":null,"Id":"4aceb98a-6463-4c5f-9274-2a4c4cfc9606","Page":1,"PageClassification":null,"Query":{"Alias":null,"Pages":null,"Text":"What is the bank routing number?"},"Relationships":[{"Type":"ANSWER","Ids":["2f223211-6d3a-45f5-8eaa-1c9f0c228bdd"]}],"RowIndex":null,"RowSpan":null,"SelectionStatus":null,"Text":null,"TextType":null},{"BlockType":"QUERY","ColumnIndex":null,"ColumnSpan":null,"Confidence":null,"EntityTypes":null,"Geometry":null,"Hint":null,"Id":"620e30d6-a8a3-42b8-b3e8-885c19603328","Page":1,"PageClassification":null,"Query":{"Alias":null,"Pages":null,"Text":"What is the bank name/drawee name?"},"Relationships":[{"Type":"ANSWER","Ids":[]}],"RowIndex":null,"RowSpan":null,"SelectionStatus":null,"Text":null,"TextType":null},{"Geometry":{"BoundingBox":{"Top":0.7069858908653259,"Left":0.18805454671382904,"Width":0.23004280030727386,"Height":0.03462398052215576},"Polygon":[{"X":0.18805454671382904,"Y":0.7069858908653259},{"X":0.4180973470211029,"Y":0.7069858908653259},{"X":0.4180973470211029,"Y":0.7416098713874817},{"X":0.18805454671382904,"Y":0.7416098713874817}]},"BlockType":"QUERY_RESULT","Page":1,"Id":"748c0c1f-a2ff-4816-b53e-d8805f050bef","Text":"ECONOMIC IMPACT PAYMENT","Confidence":1,"SearchKey":"ECONOMIC IMPACT PAYMENT"},{"BlockType":"QUERY","ColumnIndex":null,"ColumnSpan":null,"Confidence":null,"EntityTypes":null,"Geometry":null,"Hint":null,"Id":"635063d2-f225-4674-8ac5-53a41918c507","Page":1,"PageClassification":null,"Query":{"Alias":null,"Pages":null,"Text":"What is the memo?"},"Relationships":[{"Type":"ANSWER","Ids":["748c0c1f-a2ff-4816-b53e-d8805f050bef"]}],"RowIndex":null,"RowSpan":null,"SelectionStatus":null,"Text":null,"TextType":null},{"Geometry":{"BoundingBox":{"Top":0.8852174878120422,"Left":0.24607546627521515,"Width":0.46159695088863373,"Height":0.036534130573272705},"Polygon":[{"X":0.24607546627521515,"Y":0.8852174878120422},{"X":0.7076724171638489,"Y":0.8852174878120422},{"X":0.7076724171638489,"Y":0.9217516183853149},{"X":0.24607546627521515,"Y":0.9217516183853149}]},"BlockType":"QUERY_RESULT","Page":1,"Id":"5fb1e0d6-1786-4dff-b471-d54dd4ae5ea6","Text":"⑆147755501 44780124121 9984 03489921321⑆","Confidence":1,"SearchKey":"⑆147755501 44780124121 9984 03489921321⑆"},{"BlockType":"QUERY","ColumnIndex":null,"ColumnSpan":null,"Confidence":null,"EntityTypes":null,"Geometry":null,"Hint":null,"Id":"6d20b943-3718-4e42-a2fe-21b1d4ef80ce","Page":1,"PageClassification":null,"Query":{"Alias":null,"Pages":null,"Text":"What is the MICR line?"},"Relationships":[{"Type":"ANSWER","Ids":["5fb1e0d6-1786-4dff-b471-d54dd4ae5ea6"]}],"RowIndex":null,"RowSpan":null,"SelectionStatus":null,"Text":null,"TextType":null}]}