{"DocumentMetadata":{"Pages":1},"Blocks":[{"BlockType":"QUERY_RESULT","ColumnIndex":null,"ColumnSpan":null,"Confidence":98,"EntityTypes":null,"Geometry":{"BoundingBox":{"Height":0.01879517175257206,"Left":0.21301378309726715,"Top":0.42233383655548096,"Width":0.2318052053451538},"Polygon":[{"X":0.21301378309726715,"Y":0.4224489629268646},{"X":0.4448072612285614,"Y":0.42233383655548096},{"X":0.44481897354125977,"Y":0.4410146474838257},{"X":0.21302400529384613,"Y":0.44112899899482727}]},"Hint":null,"Id":"58df91b6-9681-4dce-b169-475ea6663c76","Page":1,"PageClassification":null,"Query":null,"Relationships":null,"RowIndex":null,"RowSpan":null,"SelectionStatus":null,"Text":"Dahlia Tummons","TextType":null,"SearchKey":"Dahlia Tummons"},{"BlockType":"QUERY","ColumnIndex":null,"ColumnSpan":null,"Confidence":null,"EntityTypes":null,"Geometry":null,"Hint":null,"Id":"42b60e44-5f28-42c2-84c7-653764dba236","Page":1,"PageClassification":null,"Query":{"Alias":null,"Pages":null,"Text":"Who is the payee?"},"Relationships":[{"Type":"ANSWER","Ids":["58df91b6-9681-4dce-b169-475ea6663c76"]}],"RowIndex":null,"RowSpan":null,"SelectionStatus":null,"Text":null,"TextType":null},{"BlockType":"QUERY_RESULT","ColumnIndex":null,"ColumnSpan":null,"Confidence":98,"EntityTypes":null,"Geometry":{"BoundingBox":{"Height":0.00935810711234808,"Left":0.6025458574295044,"Top":0.2631216049194336,"Width":0.03518315777182579},"Polygon":[{"X":0.6025458574295044,"Y":0.26314011216163635},{"X":0.6377225518226624,"Y":0.2631216049194336},{"X":0.6377289891242981,"Y":0.27246129512786865},{"X":0.6025522351264954,"Y":0.27247971296310425}]},"Hint":null,"Id":"21fc10ac-745c-45d3-9f1f-51dbb8be23af","Page":1,"PageClassification":null,"Query":null,"Relationships":null,"RowIndex":null,"RowSpan":null,"SelectionStatus":null,"Text":"1144","TextType":null,"SearchKey":"1144"},{"BlockType":"QUERY","ColumnIndex":null,"ColumnSpan":null,"Confidence":null,"EntityTypes":null,"Geometry":null,"Hint":null,"Id":"31051d04-fb2a-4604-b8cc-5a24b93f7e4b","Page":1,"PageClassification":null,"Query":{"Alias":null,"Pages":null,"Text":"What is the check#?"},"Relationships":[{"Type":"ANSWER","Ids":["21fc10ac-745c-45d3-9f1f-51dbb8be23af"]}],"RowIndex":null,"RowSpan":null,"SelectionStatus":null,"Text":null,"TextType":null},{"BlockType":"QUERY","ColumnIndex":null,"ColumnSpan":null,"Confidence":null,"EntityTypes":null,"Geometry":null,"Hint":null,"Id":"957b97f9-77b1-4a3f-ad0b-37506c08cb6d","Page":1,"PageClassification":null,"Query":{"Alias":null,"Pages":null,"Text":"What is the customer name?"},"Relationships":[{"Type":"ANSWER","Ids":[]}],"RowIndex":null,"RowSpan":null,"SelectionStatus":null,"Text":null,"TextType":null},{"Geometry":{"BoundingBox":{"Top":0.5513097047805786,"Left":0.3544439375400543,"Width":0.15593263506889343,"Height":0.011292457580566406},"Polygon":[{"X":0.3544439375400543,"Y":0.5513097047805786},{"X":0.5103765726089478,"Y":0.5513097047805786},{"X":0.5103765726089478,"Y":0.562602162361145},{"X":0.3544439375400543,"Y":0.562602162361145}]},"BlockType":"QUERY_RESULT","Page":1,"Id":"c87928d1-b04e-42c8-9189-2dd1888a3f25","Text":"89021142523","Confidence":1,"SearchKey":"89021142523⑉"},{"BlockType":"QUERY","ColumnIndex":null,"ColumnSpan":null,"Confidence":null,"EntityTypes":null,"Geometry":null,"Hint":null,"Id":"d83e3227-5e54-440a-af2e-e6f67876629a","Page":1,"PageClassification":null,"Query":{"Alias":null,"Pages":null,"Text":"What is the customer account#?"},"Relationships":[{"Type":"ANSWER","Ids":["c87928d1-b04e-42c8-9189-2dd1888a3f25"]}],"RowIndex":null,"RowSpan":null,"SelectionStatus":null,"Text":null,"TextType":null},{"BlockType":"QUERY","ColumnIndex":null,"ColumnSpan":null,"Confidence":null,"EntityTypes":null,"Geometry":null,"Hint":null,"Id":"806886ff-5a65-4ffd-a5c1-6e028011fd63","Page":1,"PageClassification":null,"Query":{"Alias":null,"Pages":null,"Text":"What is the payee address?"},"Relationships":[{"Type":"ANSWER","Ids":[]}],"RowIndex":null,"RowSpan":null,"SelectionStatus":null,"Text":null,"TextType":null},{"BlockType":"QUERY_RESULT","ColumnIndex":null,"ColumnSpan":null,"Confidence":99,"EntityTypes":null,"Geometry":{"BoundingBox":{"Height":0.012065167538821697,"Left":0.770824134349823,"Top":0.3407188057899475,"Width":0.10960935801267624},"Polygon":[{"X":0.770824134349823,"Y":0.34077486395835876},{"X":0.8804241418838501,"Y":0.3407188057899475},{"X":0.8804334998130798,"Y":0.35272812843322754},{"X":0.7708330750465393,"Y":0.3527839481830597}]},"Hint":null,"Id":"65e7aca0-7c8d-4a71-9328-80eea7f60bb1","Page":1,"PageClassification":null,"Query":null,"Relationships":null,"RowIndex":null,"RowSpan":null,"SelectionStatus":null,"Text":"12/01/2021","TextType":null,"SearchKey":"12/01/2021"},{"BlockType":"QUERY","ColumnIndex":null,"ColumnSpan":null,"Confidence":null,"EntityTypes":null,"Geometry":null,"Hint":null,"Id":"0563209b-c382-4ec7-b3fe-da59f73633d9","Page":1,"PageClassification":null,"Query":{"Alias":null,"Pages":null,"Text":"What is the date?"},"Relationships":[{"Type":"ANSWER","Ids":["65e7aca0-7c8d-4a71-9328-80eea7f60bb1"]}],"RowIndex":null,"RowSpan":null,"SelectionStatus":null,"Text":null,"TextType":null},{"BlockType":"QUERY_RESULT","ColumnIndex":null,"ColumnSpan":null,"Confidence":51,"EntityTypes":null,"Geometry":{"BoundingBox":{"Height":0.022980421781539917,"Left":0.11066674441099167,"Top":0.45088911056518555,"Width":0.605229377746582},"Polygon":[{"X":0.11066674441099167,"Y":0.45118656754493713},{"X":0.7158797979354858,"Y":0.45088911056518555},{"X":0.7158961296081543,"Y":0.47357457876205444},{"X":0.11067835241556168,"Y":0.47386953234672546}]},"Hint":null,"Id":"7e101f79-11d6-4edc-96d9-246ed62fd95b","Page":1,"PageClassification":null,"Query":null,"Relationships":null,"RowIndex":null,"RowSpan":null,"SelectionStatus":null,"Text":"Twenty Six Thousand One Hundred And Fifty Only","TextType":null,"SearchKey":"Twenty Six Thousand One Hundred And Fifty Only"},{"BlockType":"QUERY","ColumnIndex":null,"ColumnSpan":null,"Confidence":null,"EntityTypes":null,"Geometry":null,"Hint":null,"Id":"f84d2d1c-fe88-4127-8192-aa17f4c473ef","Page":1,"PageClassification":null,"Query":{"Alias":null,"Pages":null,"Text":"What is the check amount in words?"},"Relationships":[{"Type":"ANSWER","Ids":["7e101f79-11d6-4edc-96d9-246ed62fd95b"]}],"RowIndex":null,"RowSpan":null,"SelectionStatus":null,"Text":null,"TextType":null},{"BlockType":"QUERY_RESULT","ColumnIndex":null,"ColumnSpan":null,"Confidence":46,"EntityTypes":null,"Geometry":{"BoundingBox":{"Height":0.013739431276917458,"Left":0.7681778073310852,"Top":0.4214443862438202,"Width":0.12404732406139374},"Polygon":[{"X":0.7681778073310852,"Y":0.42150601744651794},{"X":0.8922144174575806,"Y":0.4214443862438202},{"X":0.8922251462936401,"Y":0.4351224899291992},{"X":0.768187940120697,"Y":0.4351838231086731}]},"Hint":null,"Id":"4961571e-2f09-410b-b22a-5d036f6e10ff","Page":1,"PageClassification":null,"Query":null,"Relationships":null,"RowIndex":null,"RowSpan":null,"SelectionStatus":null,"Text":"$26,150.00","TextType":null,"SearchKey":"$26,150.00"},{"BlockType":"QUERY","ColumnIndex":null,"ColumnSpan":null,"Confidence":null,"EntityTypes":null,"Geometry":null,"Hint":null,"Id":"cb7692cd-03ab-4a68-92b7-8a218b44f8aa","Page":1,"PageClassification":null,"Query":{"Alias":null,"Pages":null,"Text":"What is the dollar amount?"},"Relationships":[{"Type":"ANSWER","Ids":["4961571e-2f09-410b-b22a-5d036f6e10ff"]}],"RowIndex":null,"RowSpan":null,"SelectionStatus":null,"Text":null,"TextType":null},{"BlockType":"QUERY","ColumnIndex":null,"ColumnSpan":null,"Confidence":null,"EntityTypes":null,"Geometry":null,"Hint":null,"Id":"ecd2c57b-fbd7-4aeb-9bbb-e7d5a225024d","Page":1,"PageClassification":null,"Query":{"Alias":null,"Pages":null,"Text":"What is the account name/payer/drawer name?"},"Relationships":[{"Type":"ANSWER","Ids":[]}],"RowIndex":null,"RowSpan":null,"SelectionStatus":null,"Text":null,"TextType":null},{"Geometry":{"BoundingBox":{"Top":0.5528709888458252,"Left":0.19526275992393494,"Width":0.14508911967277527,"Height":0.011369109153747559},"Polygon":[{"X":0.19526275992393494,"Y":0.5528709888458252},{"X":0.3403518795967102,"Y":0.5528709888458252},{"X":0.3403518795967102,"Y":0.5642400979995728},{"X":0.19526275992393494,"Y":0.5642400979995728}]},"BlockType":"QUERY_RESULT","Page":1,"Id":"98ec662c-e708-4898-b771-d276aaa02dbf","Text":"589325234","Confidence":1,"SearchKey":"⑆589325234⑆"},{"BlockType":"QUERY","ColumnIndex":null,"ColumnSpan":null,"Confidence":null,"EntityTypes":null,"Geometry":null,"Hint":null,"Id":"01562394-989e-473f-9996-dcfe3781084a","Page":1,"PageClassification":null,"Query":{"Alias":null,"Pages":null,"Text":"What is the bank routing number?"},"Relationships":[{"Type":"ANSWER","Ids":["98ec662c-e708-4898-b771-d276aaa02dbf"]}],"RowIndex":null,"RowSpan":null,"SelectionStatus":null,"Text":null,"TextType":null},{"Geometry":{"BoundingBox":{"Top":0.34237268567085266,"Left":0.12537384033203125,"Width":0.2067733108997345,"Height":0.024414390325546265},"Polygon":[{"X":0.12537384033203125,"Y":0.34237268567085266},{"X":0.33214715123176575,"Y":0.34237268567085266},{"X":0.33214715123176575,"Y":0.3667870759963989},{"X":0.12537384033203125,"Y":0.3667870759963989}]},"BlockType":"QUERY_RESULT","Page":1,"Id":"bbef17d8-c9f2-4417-af35-ee7def7348ec","Text":"Capital Communications Federal Credit Union","Confidence":1,"SearchKey":"Capital Communications Federal Credit Union"},{"BlockType":"QUERY","ColumnIndex":null,"ColumnSpan":null,"Confidence":null,"EntityTypes":null,"Geometry":null,"Hint":null,"Id":"77544b0c-4dd6-48ec-a5ff-1d2e3b26f7e8","Page":1,"PageClassification":null,"Query":{"Alias":null,"Pages":null,"Text":"What is the bank name/drawee name?"},"Relationships":[{"Type":"ANSWER","Ids":["bbef17d8-c9f2-4417-af35-ee7def7348ec"]}],"RowIndex":null,"RowSpan":null,"SelectionStatus":null,"Text":null,"TextType":null},{"BlockType":"QUERY","ColumnIndex":null,"ColumnSpan":null,"Confidence":null,"EntityTypes":null,"Geometry":null,"Hint":null,"Id":"364163ba-10a7-4aec-9c71-5973b579319b","Page":1,"PageClassification":null,"Query":{"Alias":null,"Pages":null,"Text":"What is the memo?"},"Relationships":[{"Type":"ANSWER","Ids":[]}],"RowIndex":null,"RowSpan":null,"SelectionStatus":null,"Text":null,"TextType":null},{"Geometry":{"BoundingBox":{"Top":0.5499290823936462,"Left":0.19526275992393494,"Width":0.5659363567829132,"Height":0.014311015605926514},"Polygon":[{"X":0.19526275992393494,"Y":0.5499290823936462},{"X":0.7611991167068481,"Y":0.5499290823936462},{"X":0.7611991167068481,"Y":0.5642400979995728},{"X":0.19526275992393494,"Y":0.5642400979995728}]},"BlockType":"QUERY_RESULT","Page":1,"Id":"d0222917-274b-462a-a3f0-e2547c891c27","Text":"⑆589325234⑆ 89021142523⑉ 1144 ⑇02212121452⑆","Confidence":1,"SearchKey":"⑆589325234⑆ 89021142523⑉ 1144 ⑇02212121452⑆"},{"BlockType":"QUERY","ColumnIndex":null,"ColumnSpan":null,"Confidence":null,"EntityTypes":null,"Geometry":null,"Hint":null,"Id":"73353270-acfc-4b36-adc8-5ee8221b95e9","Page":1,"PageClassification":null,"Query":{"Alias":null,"Pages":null,"Text":"What is the MICR line?"},"Relationships":[{"Type":"ANSWER","Ids":["d0222917-274b-462a-a3f0-e2547c891c27"]}],"RowIndex":null,"RowSpan":null,"SelectionStatus":null,"Text":null,"TextType":null}]}